Created on 08-12-2020,https://www.CryptoDataDownload.com
Date,Symbol,Open,High,Low,Close,Volume LTC,Volume BTC
2020-08-12,LTCBTC,0.004751,0.004764,0.004619,0.004701,48412.51,227.88
2020-08-11,LTCBTC,0.004903,0.005024,0.004706,0.004751,213834.83,1038.35
2020-08-10,LTCBTC,0.004877,0.004988,0.004817,0.004903,263672.02,1287.4
2020-08-09,LTCBTC,0.00497,0.004977,0.004844,0.004877,88564.92,435.11
2020-08-08,LTCBTC,0.004931,0.004971,0.004887,0.00497,91162.83,449.68
2020-08-07,LTCBTC,0.00502,0.00516,0.004783,0.004931,245895.02,1229.95
2020-08-06,LTCBTC,0.005013,0.005123,0.004954,0.00502,186668.47,938.9
2020-08-05,LTCBTC,0.00515,0.005192,0.004974,0.005013,194074.73,988.69
2020-08-04,LTCBTC,0.005212,0.005233,0.005092,0.00515,187870.24,969.03
2020-08-03,LTCBTC,0.005128,0.005238,0.005078,0.005212,237193.01,1227.9
2020-08-02,LTCBTC,0.005225,0.005443,0.004867,0.005128,623529.34,3218.63
2020-08-01,LTCBTC,0.005128,0.005308,0.005034,0.005225,369270.85,1914.06
2020-07-31,LTCBTC,0.005111,0.00525,0.005054,0.005128,210970.47,1082.93
2020-07-30,LTCBTC,0.00497,0.00532,0.004922,0.005111,365066.83,1870.84
2020-07-29,LTCBTC,0.005111,0.005154,0.004926,0.00497,263146.85,1324.5
2020-07-28,LTCBTC,0.004831,0.005252,0.004792,0.005111,553174.11,2776.02
2020-07-27,LTCBTC,0.004841,0.005063,0.004454,0.004831,563161.65,2703.22
2020-07-26,LTCBTC,0.005068,0.005207,0.004792,0.004841,356124.42,1771.1
2020-07-25,LTCBTC,0.004626,0.0051,0.004618,0.005068,415434.71,2050.53
2020-07-24,LTCBTC,0.00468,0.004695,0.004623,0.004626,135673.33,631.63
2020-07-23,LTCBTC,0.004724,0.004792,0.00467,0.00468,155506.22,735.07
2020-07-22,LTCBTC,0.004663,0.004742,0.004635,0.004724,126215.13,590.17
2020-07-21,LTCBTC,0.00458,0.004715,0.004573,0.004663,111324.08,518.6
2020-07-20,LTCBTC,0.00463,0.004649,0.00452,0.00458,81481.87,375.28
2020-07-19,LTCBTC,0.004631,0.004651,0.004589,0.00463,59942.95,276.99
2020-07-18,LTCBTC,0.004577,0.004671,0.00457,0.004631,71761.3,331.68
2020-07-17,LTCBTC,0.004609,0.004627,0.00457,0.004577,79935.15,367.41
2020-07-16,LTCBTC,0.004711,0.004714,0.004502,0.004609,131605.81,606.18
2020-07-15,LTCBTC,0.004741,0.004752,0.004668,0.004711,67681.14,318.42
2020-07-14,LTCBTC,0.004753,0.004762,0.004672,0.004741,95425.65,450.96
2020-07-13,LTCBTC,0.004807,0.0049,0.004622,0.004753,183509.9,880.77
2020-07-12,LTCBTC,0.004839,0.004875,0.004756,0.004807,104314.24,502.98
2020-07-11,LTCBTC,0.00477,0.004847,0.004766,0.004839,64146.79,307.77
2020-07-10,LTCBTC,0.004804,0.004852,0.004761,0.00477,100169.82,480.59
2020-07-09,LTCBTC,0.004807,0.004869,0.004736,0.004804,141291.41,678.92
2020-07-08,LTCBTC,0.004688,0.00488,0.004667,0.004807,177131.11,850.54
2020-07-07,LTCBTC,0.004716,0.004746,0.004663,0.004688,84998.47,399.9
2020-07-06,LTCBTC,0.004584,0.00473,0.004579,0.004716,105331.81,490.08
2020-07-05,LTCBTC,0.004608,0.004619,0.004552,0.004584,63013.21,288.68
2020-07-04,LTCBTC,0.00454,0.004621,0.004538,0.004608,81998.84,375.94
2020-07-03,LTCBTC,0.004515,0.004581,0.004505,0.00454,67239.95,305.56
2020-07-02,LTCBTC,0.004524,0.004533,0.004489,0.004515,60907.94,274.69
2020-07-01,LTCBTC,0.004507,0.004547,0.004497,0.004524,49032.26,221.79
2020-06-30,LTCBTC,0.004557,0.004572,0.004476,0.004507,45665.35,206.1
2020-06-29,LTCBTC,0.004536,0.004595,0.00448,0.004557,91516.83,415.2
2020-06-28,LTCBTC,0.004556,0.004592,0.004517,0.004536,46178.91,210.25
2020-06-27,LTCBTC,0.004702,0.004713,0.004418,0.004556,111418.58,511.99
2020-06-26,LTCBTC,0.00458,0.00473,0.004544,0.004702,178549.44,829.85
2020-06-25,LTCBTC,0.004585,0.004643,0.004554,0.00458,96408.11,444.15
2020-06-24,LTCBTC,0.004591,0.004624,0.004545,0.004585,104984.18,481.01
2020-06-23,LTCBTC,0.004576,0.004611,0.004563,0.004591,75810.04,347.17
2020-06-22,LTCBTC,0.004628,0.004656,0.004564,0.004576,91674.9,423.71
2020-06-21,LTCBTC,0.004656,0.004671,0.00461,0.004628,47726.05,220.82
2020-06-20,LTCBTC,0.004605,0.00467,0.004587,0.004656,59285.49,274.12
2020-06-19,LTCBTC,0.004626,0.004656,0.004587,0.004605,80666.5,373.65
2020-06-18,LTCBTC,0.004655,0.004679,0.004602,0.004626,82915.16,385.48
2020-06-17,LTCBTC,0.004607,0.004735,0.004602,0.004655,96360.9,450.38
2020-06-16,LTCBTC,0.004642,0.004649,0.004572,0.004607,82214.49,378.82
2020-06-15,LTCBTC,0.004715,0.004719,0.004617,0.004642,137135.45,640.86
2020-06-14,LTCBTC,0.00476,0.004762,0.004693,0.004715,60224.2,284.33
2020-06-13,LTCBTC,0.004723,0.004775,0.00471,0.00476,46863.57,222.19
2020-06-12,LTCBTC,0.004657,0.004783,0.004626,0.004723,88283.41,414.89
2020-06-11,LTCBTC,0.004718,0.004756,0.004596,0.004657,129623.01,608.19
2020-06-10,LTCBTC,0.004695,0.004772,0.004686,0.004718,90881.75,429.02
2020-06-09,LTCBTC,0.004747,0.0048,0.004671,0.004695,79044.98,374.5
2020-06-08,LTCBTC,0.004784,0.00481,0.00474,0.004747,74132.34,353.43
2020-06-07,LTCBTC,0.004842,0.004848,0.004776,0.004784,80318.81,386.61
2020-06-06,LTCBTC,0.004865,0.004884,0.004825,0.004842,65850.1,319.31
2020-06-05,LTCBTC,0.004847,0.004884,0.004809,0.004865,78811.58,382.48
2020-06-04,LTCBTC,0.004879,0.004972,0.00479,0.004847,147152.98,720.62
2020-06-03,LTCBTC,0.004832,0.004961,0.004806,0.004879,135409.11,660.24
2020-06-02,LTCBTC,0.004732,0.00499,0.004701,0.004832,244420.64,1181.08
2020-06-01,LTCBTC,0.004826,0.00493,0.004665,0.004732,191602.25,923.72
2020-05-31,LTCBTC,0.004924,0.004962,0.0048,0.004826,140673.35,687.2
2020-05-30,LTCBTC,0.004718,0.004982,0.004715,0.004924,180490.55,882.42
2020-05-29,LTCBTC,0.004675,0.00476,0.004666,0.004718,85282.64,402.51
2020-05-28,LTCBTC,0.004766,0.004775,0.004646,0.004675,97970.66,461.58
2020-05-27,LTCBTC,0.004781,0.004814,0.004734,0.004766,95323.63,455.25
2020-05-26,LTCBTC,0.00483,0.004838,0.004755,0.004781,95379.44,457.48
2020-05-25,LTCBTC,0.004829,0.004915,0.004806,0.00483,120021.89,582.68
2020-05-24,LTCBTC,0.004776,0.004864,0.00476,0.004829,132754.12,636.43
2020-05-23,LTCBTC,0.004825,0.004845,0.004764,0.004776,90054.43,432.12
2020-05-22,LTCBTC,0.004712,0.004858,0.004702,0.004825,110767.65,529.54
2020-05-21,LTCBTC,0.004651,0.004747,0.004623,0.004712,126825.24,593.7
2020-05-20,LTCBTC,0.004676,0.00472,0.004599,0.004651,130848.26,609.32
2020-05-19,LTCBTC,0.004657,0.004686,0.004611,0.004676,110259.07,512.79
2020-05-18,LTCBTC,0.004516,0.00471,0.004459,0.004657,203884.48,946.16
2020-05-17,LTCBTC,0.00461,0.004655,0.004491,0.004516,106495.8,486.41
2020-05-16,LTCBTC,0.004587,0.004635,0.004562,0.00461,143247.96,659.0
2020-05-15,LTCBTC,0.004492,0.004619,0.004477,0.004587,135549.22,616.56
2020-05-14,LTCBTC,0.004641,0.004643,0.004463,0.004492,157573.44,714.85
2020-05-13,LTCBTC,0.004789,0.004789,0.004611,0.004641,108091.96,509.52
2020-05-12,LTCBTC,0.004845,0.004869,0.004724,0.004789,148154.06,710.57
2020-05-11,LTCBTC,0.00482,0.004867,0.004657,0.004845,220315.37,1048.02
2020-05-10,LTCBTC,0.004923,0.004952,0.004754,0.00482,287858.49,1394.72
2020-05-09,LTCBTC,0.004866,0.005038,0.004848,0.004923,136551.2,674.68
2020-05-08,LTCBTC,0.004742,0.004912,0.004711,0.004866,158642.72,760.24
2020-05-07,LTCBTC,0.004916,0.004966,0.004679,0.004742,202714.93,984.18
2020-05-06,LTCBTC,0.005159,0.005214,0.004899,0.004916,123453.31,627.53
2020-05-05,LTCBTC,0.005294,0.00533,0.005151,0.005159,86742.08,454.04
2020-05-04,LTCBTC,0.005406,0.005406,0.005253,0.005294,114955.96,610.9
2020-05-03,LTCBTC,0.005482,0.005544,0.005342,0.005406,104221.83,564.34
2020-05-02,LTCBTC,0.005332,0.005562,0.005298,0.005482,109139.44,590.04
2020-05-01,LTCBTC,0.005372,0.005456,0.005297,0.005332,118351.13,636.61
2020-04-30,LTCBTC,0.005559,0.005636,0.00523,0.005372,271391.71,1462.33
2020-04-29,LTCBTC,0.005898,0.005949,0.005464,0.005559,273246.63,1558.28
2020-04-28,LTCBTC,0.005721,0.005939,0.005666,0.005898,145449.59,840.2
2020-04-27,LTCBTC,0.005788,0.005846,0.005656,0.005721,106817.78,612.53
2020-04-26,LTCBTC,0.005884,0.005943,0.005785,0.005788,81146.71,475.48
2020-04-25,LTCBTC,0.005932,0.006007,0.005854,0.005884,113814.75,675.01
2020-04-24,LTCBTC,0.005744,0.005969,0.005727,0.005932,165299.48,969.91
2020-04-23,LTCBTC,0.005867,0.005885,0.005664,0.005744,122741.25,710.25
2020-04-22,LTCBTC,0.005933,0.005943,0.005862,0.005867,76504.6,451.67
2020-04-21,LTCBTC,0.00589,0.005971,0.005856,0.005933,74386.99,440.37
2020-04-20,LTCBTC,0.005932,0.006004,0.005854,0.00589,104717.75,620.71
2020-04-19,LTCBTC,0.006087,0.0061,0.005892,0.005932,104376.85,626.01
2020-04-18,LTCBTC,0.006004,0.0061,0.005951,0.006087,92487.09,557.26
2020-04-17,LTCBTC,0.005989,0.006031,0.005911,0.006004,73575.52,439.33
2020-04-16,LTCBTC,0.005925,0.006138,0.005825,0.005989,175246.79,1048.94
2020-04-15,LTCBTC,0.005998,0.006039,0.005916,0.005925,84539.62,506.53
2020-04-14,LTCBTC,0.006028,0.006041,0.005971,0.005998,70103.47,420.95
2020-04-13,LTCBTC,0.006081,0.006096,0.005952,0.006028,127837.63,768.14
2020-04-12,LTCBTC,0.006185,0.006236,0.006034,0.006081,92671.44,568.68
2020-04-11,LTCBTC,0.00616,0.006241,0.006124,0.006185,64587.36,399.36
2020-04-10,LTCBTC,0.006341,0.00637,0.00605,0.00616,158293.72,979.73
2020-04-09,LTCBTC,0.006321,0.0064,0.006262,0.006341,90096.29,569.4
2020-04-08,LTCBTC,0.006221,0.006397,0.00617,0.006321,102300.26,644.91
2020-04-07,LTCBTC,0.006141,0.006411,0.006141,0.006221,154796.23,970.01
2020-04-06,LTCBTC,0.005957,0.006234,0.005916,0.006141,174906.27,1059.85
2020-04-05,LTCBTC,0.005942,0.006008,0.005928,0.005957,50216.89,299.99
2020-04-04,LTCBTC,0.006011,0.006039,0.005883,0.005942,83727.02,499.31
2020-04-03,LTCBTC,0.005866,0.006047,0.005857,0.006011,94101.25,558.75
2020-04-02,LTCBTC,0.005908,0.005997,0.00585,0.005866,140249.58,830.78
2020-04-01,LTCBTC,0.006093,0.00616,0.005895,0.005908,120503.78,729.01
2020-03-31,LTCBTC,0.006087,0.006119,0.005984,0.006093,86480.77,521.94
2020-03-30,LTCBTC,0.006307,0.00635,0.00601,0.006087,101025.24,621.7
2020-03-29,LTCBTC,0.006229,0.006331,0.006165,0.006307,77656.67,485.54
2020-03-28,LTCBTC,0.00598,0.006312,0.005883,0.006229,139432.02,848.3
2020-03-27,LTCBTC,0.005998,0.006094,0.005892,0.00598,116840.17,699.37
2020-03-26,LTCBTC,0.005864,0.006003,0.005808,0.005998,106423.79,627.26
2020-03-25,LTCBTC,0.006012,0.006075,0.005826,0.005864,174117.1,1032.81
2020-03-24,LTCBTC,0.006021,0.006068,0.0059,0.006012,178891.58,1065.06
2020-03-23,LTCBTC,0.006086,0.00627,0.005965,0.006021,161883.98,991.71
2020-03-22,LTCBTC,0.006196,0.00626,0.005977,0.006086,112116.21,684.33
2020-03-21,LTCBTC,0.00614,0.006257,0.006083,0.006196,116625.94,720.78
2020-03-20,LTCBTC,0.006313,0.006397,0.005981,0.00614,286934.75,1788.76
2020-03-19,LTCBTC,0.006435,0.006528,0.0062,0.006313,221795.87,1412.03
2020-03-18,LTCBTC,0.006407,0.006543,0.006318,0.006435,166755.35,1070.21
2020-03-17,LTCBTC,0.006604,0.006657,0.006373,0.006407,175783.88,1149.8
2020-03-16,LTCBTC,0.006786,0.006851,0.006443,0.006604,349887.09,2310.03
2020-03-15,LTCBTC,0.006646,0.00682,0.006478,0.006786,247994.62,1662.34
2020-03-14,LTCBTC,0.006731,0.006788,0.006535,0.006646,308469.48,2050.2
2020-03-13,LTCBTC,0.006226,0.0069,0.005938,0.006731,1143685.14,7267.59
2020-03-12,LTCBTC,0.006121,0.0065,0.00511,0.006226,956967.83,5492.06
2020-03-11,LTCBTC,0.006364,0.006378,0.00599,0.006121,225493.16,1388.97
2020-03-10,LTCBTC,0.006354,0.0064,0.00622,0.006364,169306.07,1069.59
2020-03-09,LTCBTC,0.006346,0.006436,0.006084,0.006354,387616.7,2436.93
2020-03-08,LTCBTC,0.006802,0.006802,0.00624,0.006346,284090.22,1850.27
2020-03-07,LTCBTC,0.006919,0.007028,0.006782,0.006802,117991.08,813.91
2020-03-06,LTCBTC,0.006852,0.006962,0.006784,0.006919,120205.66,825.92
2020-03-05,LTCBTC,0.006898,0.006935,0.006779,0.006852,131421.97,902.03
2020-03-04,LTCBTC,0.006967,0.006997,0.00677,0.006898,111854.77,771.15
2020-03-03,LTCBTC,0.006892,0.007024,0.006796,0.006967,124378.27,861.92
2020-03-02,LTCBTC,0.006763,0.007021,0.006702,0.006892,179510.93,1230.75
2020-03-01,LTCBTC,0.006814,0.00696,0.006607,0.006763,157465.3,1074.41
2020-02-29,LTCBTC,0.006889,0.007012,0.006752,0.006814,153178.52,1051.88
2020-02-28,LTCBTC,0.006995,0.007122,0.006694,0.006889,263290.73,1813.71
2020-02-27,LTCBTC,0.006885,0.007259,0.006697,0.006995,347112.55,2423.66
2020-02-26,LTCBTC,0.007622,0.007867,0.006627,0.006885,462506.79,3298.48
2020-02-25,LTCBTC,0.007825,0.007867,0.0075,0.007622,205061.8,1575.99
2020-02-24,LTCBTC,0.008008,0.008009,0.007533,0.007825,223847.82,1741.76
2020-02-23,LTCBTC,0.007748,0.008082,0.007729,0.008008,206264.43,1637.5
2020-02-22,LTCBTC,0.007572,0.007943,0.007501,0.007748,268562.74,2087.34
2020-02-21,LTCBTC,0.007233,0.007728,0.007163,0.007572,212509.28,1593.19
2020-02-20,LTCBTC,0.007359,0.0075,0.00701,0.007233,247192.29,1793.88
2020-02-19,LTCBTC,0.0076,0.007734,0.007153,0.007359,164934.0,1238.99
2020-02-18,LTCBTC,0.007564,0.00778,0.007305,0.0076,211791.98,1600.99
2020-02-17,LTCBTC,0.007533,0.007614,0.0071,0.007564,293475.45,2154.53
2020-02-16,LTCBTC,0.007747,0.008043,0.006996,0.007533,391762.88,2955.46
2020-02-15,LTCBTC,0.008039,0.008065,0.00764,0.007747,261684.53,2054.52
2020-02-14,LTCBTC,0.007873,0.0081,0.007769,0.008039,244938.1,1948.65
2020-02-13,LTCBTC,0.007859,0.008096,0.007522,0.007873,378785.65,2975.75
2020-02-12,LTCBTC,0.00748,0.008008,0.007476,0.007859,287709.33,2223.24
2020-02-11,LTCBTC,0.007512,0.007646,0.007398,0.00748,193909.25,1456.64
2020-02-10,LTCBTC,0.007582,0.007605,0.007384,0.007512,209210.54,1567.97
2020-02-09,LTCBTC,0.007737,0.007802,0.007481,0.007582,181019.29,1380.97
2020-02-08,LTCBTC,0.00757,0.007896,0.007372,0.007737,228074.76,1752.4
2020-02-07,LTCBTC,0.00753,0.00767,0.007476,0.00757,157249.04,1187.1
2020-02-06,LTCBTC,0.007549,0.007746,0.007358,0.00753,207531.28,1568.33
2020-02-05,LTCBTC,0.0074,0.007693,0.007357,0.007549,200835.59,1514.46
2020-02-04,LTCBTC,0.007496,0.00755,0.007255,0.0074,163770.58,1210.35
2020-02-03,LTCBTC,0.007496,0.007638,0.007389,0.007496,213419.13,1602.44
2020-02-02,LTCBTC,0.007535,0.007781,0.007311,0.007496,284320.86,2147.53
2020-02-01,LTCBTC,0.007274,0.007729,0.007234,0.007535,393712.62,2973.85
2020-01-31,LTCBTC,0.007148,0.007447,0.007085,0.007274,387389.04,2805.97
2020-01-30,LTCBTC,0.006432,0.007347,0.006319,0.007148,439482.5,3053.03
2020-01-29,LTCBTC,0.006455,0.006671,0.006408,0.006432,158499.24,1033.01
2020-01-28,LTCBTC,0.006573,0.00675,0.006432,0.006455,214761.5,1413.4
2020-01-27,LTCBTC,0.006529,0.006785,0.006474,0.006573,158431.68,1049.18
2020-01-26,LTCBTC,0.006387,0.006596,0.006334,0.006529,113355.9,732.27
2020-01-25,LTCBTC,0.006444,0.006492,0.00625,0.006387,96075.58,614.01
2020-01-24,LTCBTC,0.006486,0.0065,0.006122,0.006444,202084.11,1281.89
2020-01-23,LTCBTC,0.006718,0.00673,0.0063,0.006486,161125.08,1051.12
2020-01-22,LTCBTC,0.00659,0.006776,0.006561,0.006718,97915.07,655.21
2020-01-21,LTCBTC,0.006618,0.006686,0.006549,0.00659,83216.67,551.49
2020-01-20,LTCBTC,0.006622,0.006706,0.006516,0.006618,82904.29,547.99
2020-01-19,LTCBTC,0.006652,0.006867,0.006433,0.006622,196402.39,1303.56
2020-01-18,LTCBTC,0.00685,0.00696,0.006545,0.006652,273773.14,1847.1
2020-01-17,LTCBTC,0.006599,0.007066,0.00654,0.00685,311449.84,2118.7
2020-01-16,LTCBTC,0.006591,0.006706,0.006351,0.006599,200554.87,1308.7
2020-01-15,LTCBTC,0.006625,0.006823,0.00645,0.006591,382564.7,2537.31
2020-01-14,LTCBTC,0.006118,0.006869,0.006113,0.006625,599984.19,3895.04
2020-01-13,LTCBTC,0.006285,0.006296,0.006061,0.006118,178981.84,1102.08
2020-01-12,LTCBTC,0.006148,0.006385,0.006126,0.006285,270250.84,1685.72
2020-01-11,LTCBTC,0.005983,0.006342,0.005946,0.006148,327135.1,2007.25
2020-01-10,LTCBTC,0.005724,0.00614,0.005695,0.005983,321224.12,1909.36
2020-01-09,LTCBTC,0.00563,0.00575,0.005612,0.005724,96242.16,547.34
2020-01-08,LTCBTC,0.005684,0.005775,0.005467,0.00563,232035.96,1312.5
2020-01-07,LTCBTC,0.005905,0.005905,0.005672,0.005684,187186.31,1077.5
2020-01-06,LTCBTC,0.005884,0.006,0.005852,0.005905,133332.44,790.58
2020-01-05,LTCBTC,0.005818,0.00597,0.00574,0.005884,104828.11,613.51
2020-01-04,LTCBTC,0.00575,0.005828,0.005713,0.005818,100804.79,582.39
2020-01-03,LTCBTC,0.00566,0.005754,0.005585,0.00575,107560.51,609.97
2020-01-02,LTCBTC,0.005779,0.005806,0.005626,0.00566,65266.53,373.19
2020-01-01,LTCBTC,0.005741,0.005812,0.005729,0.005779,39600.22,228.7
2019-12-31,LTCBTC,0.00585,0.005884,0.005728,0.005741,65057.14,377.67
2019-12-30,LTCBTC,0.005833,0.005967,0.005791,0.00585,102429.54,600.26
2019-12-29,LTCBTC,0.005857,0.005895,0.005772,0.005833,122947.16,716.22
2019-12-28,LTCBTC,0.005647,0.005951,0.005644,0.005857,131759.76,765.9
2019-12-27,LTCBTC,0.005557,0.005701,0.005541,0.005647,80439.09,453.2
2019-12-26,LTCBTC,0.005568,0.005638,0.005508,0.005557,60231.97,334.9
2019-12-25,LTCBTC,0.005559,0.005603,0.005486,0.005568,43765.02,242.81
2019-12-24,LTCBTC,0.005542,0.005627,0.00549,0.005559,63513.8,352.73
2019-12-23,LTCBTC,0.005578,0.00563,0.0055,0.005542,81424.02,452.96
2019-12-22,LTCBTC,0.005559,0.00575,0.005555,0.005578,69338.1,393.6
2019-12-21,LTCBTC,0.005588,0.005604,0.005538,0.005559,34503.89,192.17
2019-12-20,LTCBTC,0.005547,0.005645,0.005541,0.005588,49017.78,273.65
2019-12-19,LTCBTC,0.005608,0.005659,0.005501,0.005547,86507.15,481.54
2019-12-18,LTCBTC,0.005575,0.005816,0.005538,0.005608,172599.47,977.91
2019-12-17,LTCBTC,0.005801,0.005817,0.00551,0.005575,207481.42,1178.61
2019-12-16,LTCBTC,0.006107,0.006125,0.005665,0.005801,148392.82,871.4
2019-12-15,LTCBTC,0.006121,0.006153,0.006095,0.006107,38379.8,234.96
2019-12-14,LTCBTC,0.006125,0.006184,0.006084,0.006121,47848.7,293.24
2019-12-13,LTCBTC,0.006063,0.006131,0.006024,0.006125,55032.04,334.18
2019-12-12,LTCBTC,0.006065,0.006101,0.006002,0.006063,56077.84,339.73
2019-12-11,LTCBTC,0.006105,0.006154,0.006012,0.006065,68062.89,414.37
2019-12-10,LTCBTC,0.006056,0.006107,0.00601,0.006105,61242.21,370.78
2019-12-09,LTCBTC,0.006066,0.006122,0.00598,0.006056,94849.51,572.64
2019-12-08,LTCBTC,0.006029,0.006119,0.006013,0.006066,50825.85,308.99
2019-12-07,LTCBTC,0.006011,0.006136,0.005989,0.006029,78062.71,472.94
2019-12-06,LTCBTC,0.006062,0.006138,0.00598,0.006011,103761.5,627.15
2019-12-05,LTCBTC,0.006209,0.006211,0.005998,0.006062,128902.92,783.19
2019-12-04,LTCBTC,0.006138,0.006253,0.006037,0.006209,135661.84,836.74
2019-12-03,LTCBTC,0.006231,0.006293,0.006101,0.006138,109024.4,675.9
2019-12-02,LTCBTC,0.006419,0.00643,0.006158,0.006231,122362.46,768.92
2019-12-01,LTCBTC,0.006259,0.006487,0.006185,0.006419,111698.12,710.87
2019-11-30,LTCBTC,0.006275,0.006345,0.0062,0.006259,87968.4,550.89
2019-11-29,LTCBTC,0.006304,0.006435,0.006256,0.006275,116315.77,737.66
2019-11-28,LTCBTC,0.006349,0.006389,0.006228,0.006304,83363.3,525.53
2019-11-27,LTCBTC,0.006554,0.006563,0.006314,0.006349,121360.57,782.56
2019-11-26,LTCBTC,0.006397,0.006611,0.006389,0.006554,95292.49,619.77
2019-11-25,LTCBTC,0.006354,0.006759,0.0063,0.006397,211446.08,1373.3
2019-11-24,LTCBTC,0.006584,0.006593,0.00628,0.006354,157945.73,1018.93
2019-11-23,LTCBTC,0.00651,0.00666,0.006471,0.006584,114350.73,750.65
2019-11-22,LTCBTC,0.006639,0.00676,0.006375,0.00651,288160.97,1894.38
2019-11-21,LTCBTC,0.006791,0.006809,0.006482,0.006639,185319.19,1228.98
2019-11-20,LTCBTC,0.006779,0.006902,0.006732,0.006791,94169.55,641.66
2019-11-19,LTCBTC,0.006817,0.0069,0.006729,0.006779,124454.05,847.65
2019-11-18,LTCBTC,0.006965,0.006986,0.006624,0.006817,150002.42,1023.68
2019-11-17,LTCBTC,0.006866,0.007017,0.006834,0.006965,84526.29,586.8
2019-11-16,LTCBTC,0.0068,0.006916,0.006767,0.006866,60942.26,416.74
2019-11-15,LTCBTC,0.006824,0.006989,0.006619,0.0068,142309.14,970.11
2019-11-14,LTCBTC,0.006944,0.006953,0.006785,0.006824,97246.29,666.7
2019-11-13,LTCBTC,0.00697,0.00704,0.006901,0.006944,69123.31,481.85
2019-11-12,LTCBTC,0.00708,0.007108,0.00691,0.00697,103261.75,724.21
2019-11-11,LTCBTC,0.007041,0.007178,0.006959,0.00708,134956.25,952.69
2019-11-10,LTCBTC,0.007048,0.00753,0.006915,0.007041,215411.54,1536.14
2019-11-09,LTCBTC,0.006882,0.007089,0.006857,0.007048,118534.24,824.64
2019-11-08,LTCBTC,0.006664,0.006891,0.006633,0.006882,137402.18,929.19
2019-11-07,LTCBTC,0.006865,0.006885,0.006558,0.006664,124486.2,836.28
2019-11-06,LTCBTC,0.006778,0.006875,0.006709,0.006865,139866.97,947.84
2019-11-05,LTCBTC,0.006522,0.006867,0.006516,0.006778,181922.45,1222.65
2019-11-04,LTCBTC,0.006338,0.006665,0.006329,0.006522,180697.35,1181.26
2019-11-03,LTCBTC,0.00627,0.006397,0.006221,0.006338,62165.76,391.24
2019-11-02,LTCBTC,0.006312,0.006345,0.006231,0.00627,53341.56,335.37
2019-11-01,LTCBTC,0.006376,0.006412,0.00624,0.006312,67248.0,425.77
2019-10-31,LTCBTC,0.006325,0.00644,0.00632,0.006376,102816.55,654.79
2019-10-30,LTCBTC,0.00635,0.00651,0.006275,0.006325,127181.38,812.48
2019-10-29,LTCBTC,0.006267,0.006429,0.006267,0.00635,145395.54,923.27
2019-10-28,LTCBTC,0.006275,0.006408,0.006071,0.006267,172889.78,1078.77
2019-10-27,LTCBTC,0.006144,0.006445,0.005993,0.006275,177236.34,1102.8
2019-10-26,LTCBTC,0.006577,0.0066,0.005974,0.006144,365671.15,2252.16
2019-10-25,LTCBTC,0.006683,0.00695,0.006543,0.006577,269696.47,1809.29
2019-10-24,LTCBTC,0.006625,0.006726,0.006544,0.006683,108298.69,720.05
2019-10-23,LTCBTC,0.006652,0.006656,0.006357,0.006625,152497.37,997.42
2019-10-22,LTCBTC,0.006659,0.006713,0.006569,0.006652,71167.01,472.81
2019-10-21,LTCBTC,0.006672,0.006726,0.006529,0.006659,102736.08,681.48
2019-10-20,LTCBTC,0.006758,0.006791,0.006663,0.006672,70900.31,476.57
2019-10-19,LTCBTC,0.006698,0.006799,0.00664,0.006758,60502.69,406.48
2019-10-18,LTCBTC,0.006806,0.006807,0.006641,0.006698,82579.12,555.33
2019-10-17,LTCBTC,0.006564,0.006812,0.006491,0.006806,113010.25,754.15
2019-10-16,LTCBTC,0.006688,0.006775,0.006424,0.006564,155015.29,1025.48
2019-10-15,LTCBTC,0.006805,0.006854,0.006451,0.006688,176086.32,1175.97
2019-10-14,LTCBTC,0.006822,0.006873,0.006782,0.006805,76870.9,525.1
2019-10-13,LTCBTC,0.00671,0.006896,0.006701,0.006822,69356.3,471.17
2019-10-12,LTCBTC,0.006762,0.006769,0.006655,0.00671,57506.58,386.82
2019-10-11,LTCBTC,0.006718,0.006765,0.00657,0.006762,98629.91,661.21
2019-10-10,LTCBTC,0.006904,0.006915,0.006675,0.006718,94426.77,642.58
2019-10-09,LTCBTC,0.006969,0.007095,0.00682,0.006904,171257.97,1195.5
2019-10-08,LTCBTC,0.007016,0.007047,0.006925,0.006969,85351.57,596.38
2019-10-07,LTCBTC,0.006926,0.007105,0.006853,0.007016,152143.83,1063.45
2019-10-06,LTCBTC,0.006976,0.007054,0.006787,0.006926,133279.2,925.09
2019-10-05,LTCBTC,0.006918,0.007092,0.006899,0.006976,107389.42,748.65
2019-10-04,LTCBTC,0.006859,0.007035,0.006856,0.006918,119201.39,829.18
2019-10-03,LTCBTC,0.006733,0.00694,0.006638,0.006859,139684.89,948.94
2019-10-02,LTCBTC,0.006703,0.006868,0.006701,0.006733,88995.85,603.63
2019-10-01,LTCBTC,0.006758,0.00687,0.006616,0.006703,134334.96,903.49
2019-09-30,LTCBTC,0.006693,0.006924,0.006678,0.006758,162173.63,1102.66
2019-09-29,LTCBTC,0.006752,0.006777,0.006567,0.006693,99711.93,665.99
2019-09-28,LTCBTC,0.006834,0.00685,0.006694,0.006752,110253.94,747.16
2019-09-27,LTCBTC,0.006846,0.006918,0.006701,0.006834,156957.67,1070.42
2019-09-26,LTCBTC,0.006812,0.006873,0.006486,0.006846,223115.75,1497.34
2019-09-25,LTCBTC,0.006421,0.006969,0.006401,0.006812,335023.2,2222.42
2019-09-24,LTCBTC,0.006861,0.007106,0.006411,0.006421,378316.22,2567.98
2019-09-23,LTCBTC,0.007202,0.007462,0.006368,0.006861,248578.11,1746.83
2019-09-22,LTCBTC,0.007329,0.00733,0.007151,0.007202,83470.91,602.94
2019-09-21,LTCBTC,0.007383,0.007443,0.007233,0.007329,78321.51,575.54
2019-09-20,LTCBTC,0.007473,0.007501,0.007234,0.007383,129433.56,955.71
2019-09-19,LTCBTC,0.007659,0.0077,0.007311,0.007473,224906.71,1692.07
2019-09-18,LTCBTC,0.007268,0.007878,0.007267,0.007659,254152.44,1921.79
2019-09-17,LTCBTC,0.007088,0.007549,0.007062,0.007268,172295.75,1250.25
2019-09-16,LTCBTC,0.006799,0.00716,0.006798,0.007088,119612.23,833.11
2019-09-15,LTCBTC,0.006823,0.006893,0.006756,0.006799,57703.46,393.63
2019-09-14,LTCBTC,0.006663,0.00687,0.006626,0.006823,62941.13,425.42
2019-09-13,LTCBTC,0.006642,0.00674,0.0066,0.006663,59305.65,395.03
2019-09-12,LTCBTC,0.006869,0.006871,0.006625,0.006642,74810.78,505.83
2019-09-11,LTCBTC,0.007016,0.00711,0.006797,0.006869,87062.68,605.72
2019-09-10,LTCBTC,0.006782,0.00708,0.00678,0.007016,149200.46,1039.41
2019-09-09,LTCBTC,0.006775,0.006901,0.00664,0.006782,97050.4,656.52
2019-09-08,LTCBTC,0.006577,0.00684,0.006551,0.006775,120632.0,809.45
2019-09-07,LTCBTC,0.006298,0.006704,0.006247,0.006577,137491.82,894.81
2019-09-06,LTCBTC,0.006174,0.006335,0.006148,0.006298,122713.06,766.09
2019-09-05,LTCBTC,0.006343,0.006371,0.006092,0.006174,98126.08,609.26
2019-09-04,LTCBTC,0.006504,0.006546,0.006281,0.006343,92615.16,594.38
2019-09-03,LTCBTC,0.006473,0.00673,0.006423,0.006504,123102.61,802.7
2019-09-02,LTCBTC,0.006773,0.006799,0.006425,0.006473,97600.37,646.86
2019-09-01,LTCBTC,0.006701,0.006955,0.006691,0.006773,80293.76,545.43
2019-08-31,LTCBTC,0.006702,0.006767,0.006561,0.006701,78977.02,525.36
2019-08-30,LTCBTC,0.006694,0.006806,0.006595,0.006702,91113.07,608.56
2019-08-29,LTCBTC,0.006862,0.006974,0.006611,0.006694,137994.79,938.4
2019-08-28,LTCBTC,0.007163,0.007163,0.006487,0.006862,182789.5,1259.72
2019-08-27,LTCBTC,0.00709,0.007227,0.007049,0.007163,62390.63,446.25
2019-08-26,LTCBTC,0.007114,0.007251,0.007023,0.00709,96529.74,689.76
2019-08-25,LTCBTC,0.007236,0.007402,0.00706,0.007114,90580.85,653.17
2019-08-24,LTCBTC,0.007257,0.007297,0.007135,0.007236,72586.12,525.44
2019-08-23,LTCBTC,0.007266,0.007308,0.00711,0.007257,72947.02,527.21
2019-08-22,LTCBTC,0.007223,0.007403,0.007173,0.007266,109014.41,795.31
2019-08-21,LTCBTC,0.006982,0.007321,0.006941,0.007223,132919.57,951.25
2019-08-20,LTCBTC,0.007069,0.007103,0.006915,0.006982,90905.1,637.9
2019-08-19,LTCBTC,0.007401,0.007419,0.007057,0.007069,106241.56,769.62
2019-08-18,LTCBTC,0.007115,0.007529,0.007066,0.007401,146466.87,1071.98
2019-08-17,LTCBTC,0.00722,0.007261,0.007001,0.007115,163349.13,1164.84
2019-08-16,LTCBTC,0.007404,0.007552,0.007151,0.00722,139173.54,1022.04
2019-08-15,LTCBTC,0.007552,0.00766,0.00732,0.007404,124277.97,931.23
2019-08-14,LTCBTC,0.007785,0.008115,0.007328,0.007552,282396.91,2190.9
2019-08-13,LTCBTC,0.007528,0.007944,0.007406,0.007785,156305.38,1196.59
2019-08-12,LTCBTC,0.007799,0.007806,0.007483,0.007528,115458.19,879.72
2019-08-11,LTCBTC,0.007557,0.008034,0.00755,0.007799,164919.95,1282.11
2019-08-10,LTCBTC,0.007097,0.0077,0.007085,0.007557,217893.01,1606.92
2019-08-09,LTCBTC,0.007512,0.007569,0.007025,0.007097,145645.5,1059.16
2019-08-08,LTCBTC,0.007567,0.007847,0.007494,0.007512,145003.38,1104.98
2019-08-07,LTCBTC,0.0081,0.008108,0.007506,0.007567,176425.11,1371.8
2019-08-06,LTCBTC,0.008162,0.008202,0.0078,0.0081,266882.94,2150.55
2019-08-05,LTCBTC,0.008479,0.009084,0.007999,0.008162,431667.23,3652.91
2019-08-04,LTCBTC,0.008706,0.008819,0.008389,0.008479,146602.46,1255.85
2019-08-03,LTCBTC,0.009004,0.009056,0.008636,0.008706,121257.0,1070.98
2019-08-02,LTCBTC,0.009507,0.009509,0.008863,0.009004,188512.75,1728.34
2019-08-01,LTCBTC,0.0098,0.009884,0.009451,0.009507,184947.8,1792.72
2019-07-31,LTCBTC,0.009414,0.00999,0.009382,0.0098,222379.62,2151.59
2019-07-30,LTCBTC,0.009503,0.009575,0.009374,0.009414,91093.64,861.32
2019-07-29,LTCBTC,0.009443,0.009598,0.009301,0.009503,114684.35,1083.69
2019-07-28,LTCBTC,0.009363,0.009521,0.009122,0.009443,113309.17,1058.82
2019-07-27,LTCBTC,0.00957,0.009604,0.009192,0.009363,129365.41,1210.16
2019-07-26,LTCBTC,0.009438,0.009619,0.009317,0.00957,72500.07,688.13
2019-07-25,LTCBTC,0.009672,0.009677,0.00924,0.009438,126193.54,1189.65
2019-07-24,LTCBTC,0.009142,0.009817,0.008989,0.009672,181748.1,1720.49
2019-07-23,LTCBTC,0.009215,0.009242,0.008956,0.009142,153581.82,1397.19
2019-07-22,LTCBTC,0.009419,0.009457,0.00889,0.009215,174177.73,1597.38
2019-07-21,LTCBTC,0.009334,0.009486,0.009135,0.009419,110393.79,1031.34
2019-07-20,LTCBTC,0.00936,0.009826,0.009295,0.009334,162951.14,1543.7
2019-07-19,LTCBTC,0.009516,0.0096,0.009146,0.00936,242729.79,2271.95
2019-07-18,LTCBTC,0.009309,0.009946,0.009082,0.009516,410223.55,3889.17
2019-07-17,LTCBTC,0.008438,0.009613,0.008301,0.009309,423840.38,3842.72
2019-07-16,LTCBTC,0.008344,0.008499,0.007976,0.008438,259125.41,2149.95
2019-07-15,LTCBTC,0.008809,0.008817,0.008268,0.008344,317484.02,2737.88
2019-07-14,LTCBTC,0.008894,0.008997,0.00846,0.008809,298688.54,2598.91
2019-07-13,LTCBTC,0.008917,0.00913,0.008804,0.008894,186008.92,1661.13
2019-07-12,LTCBTC,0.009083,0.009201,0.008791,0.008917,215386.87,1942.78
2019-07-11,LTCBTC,0.008943,0.0092,0.008444,0.009083,425897.2,3774.01
2019-07-10,LTCBTC,0.009507,0.00952,0.008186,0.008943,434452.35,3859.33
2019-07-09,LTCBTC,0.01004,0.01006,0.00944,0.009507,200909.61,1943.89
2019-07-08,LTCBTC,0.01047,0.01049,0.009799,0.01004,183793.0,1863.25
2019-07-07,LTCBTC,0.01051,0.01062,0.01033,0.01047,96144.01,1009.06
2019-07-06,LTCBTC,0.01077,0.01078,0.0103,0.01051,117137.97,1226.75
2019-07-05,LTCBTC,0.01073,0.01098,0.01047,0.01077,216290.82,2314.06
2019-07-04,LTCBTC,0.01017,0.0108,0.009991,0.01073,259867.89,2720.42
2019-07-03,LTCBTC,0.01095,0.01096,0.01009,0.01017,236225.75,2498.39
2019-07-02,LTCBTC,0.01159,0.01178,0.01075,0.01095,295164.34,3361.55
2019-07-01,LTCBTC,0.01135,0.0118,0.01107,0.01159,411007.83,4659.66
2019-06-30,LTCBTC,0.01125,0.01214,0.01082,0.01135,611153.59,6934.21
2019-06-29,LTCBTC,0.009663,0.01157,0.009624,0.01125,606081.72,6524.78
2019-06-28,LTCBTC,0.01024,0.01048,0.009635,0.009663,350973.9,3529.95
2019-06-27,LTCBTC,0.01009,0.01083,0.009406,0.01024,631523.85,6394.06
2019-06-26,LTCBTC,0.01153,0.01158,0.00975,0.01009,536195.98,5665.59
2019-06-25,LTCBTC,0.01228,0.01237,0.01142,0.01153,252687.24,2986.81
2019-06-24,LTCBTC,0.01261,0.01274,0.01208,0.01228,162984.53,2021.52
2019-06-23,LTCBTC,0.01325,0.01327,0.01238,0.01261,221513.1,2859.41
2019-06-22,LTCBTC,0.0136,0.01379,0.0126,0.01325,438673.54,5776.57
2019-06-21,LTCBTC,0.01423,0.01446,0.01357,0.0136,224721.93,3162.39
2019-06-20,LTCBTC,0.01474,0.01476,0.01399,0.01423,223849.85,3230.18
2019-06-19,LTCBTC,0.01489,0.01527,0.01456,0.01474,368812.01,5516.64
2019-06-18,LTCBTC,0.01437,0.0151,0.01422,0.01489,264930.0,3867.56
2019-06-17,LTCBTC,0.01523,0.01525,0.01423,0.01437,220908.18,3223.36
2019-06-16,LTCBTC,0.01561,0.01562,0.01455,0.01523,287366.34,4300.0
2019-06-15,LTCBTC,0.01527,0.016,0.01526,0.01561,291724.04,4563.02
2019-06-14,LTCBTC,0.01589,0.01602,0.01497,0.01527,358658.08,5569.81
2019-06-13,LTCBTC,0.01665,0.01677,0.01551,0.01589,391921.36,6387.61
2019-06-12,LTCBTC,0.01721,0.01776,0.01613,0.01665,615236.0,10534.84
2019-06-11,LTCBTC,0.01619,0.01753,0.01594,0.01721,480997.94,8048.14
2019-06-10,LTCBTC,0.01503,0.01632,0.01495,0.01619,406343.89,6363.27
2019-06-09,LTCBTC,0.01494,0.01505,0.01466,0.01503,202326.35,3016.04
2019-06-08,LTCBTC,0.01463,0.0152,0.01445,0.01494,236711.63,3491.37
2019-06-07,LTCBTC,0.01428,0.01498,0.01411,0.01463,347986.1,5057.6
2019-06-06,LTCBTC,0.01333,0.01451,0.01326,0.01428,255060.08,3503.85
2019-06-05,LTCBTC,0.0133,0.01342,0.01308,0.01333,158831.38,2103.13
2019-06-04,LTCBTC,0.01305,0.01332,0.01284,0.0133,236396.81,3101.01
2019-06-03,LTCBTC,0.01311,0.01338,0.01283,0.01305,213134.37,2804.21
2019-06-02,LTCBTC,0.01314,0.01331,0.01304,0.01311,116400.7,1531.64
2019-06-01,LTCBTC,0.0134,0.01355,0.01305,0.01314,175567.05,2334.3
2019-05-31,LTCBTC,0.01304,0.0134,0.01275,0.0134,273336.91,3558.83
2019-05-30,LTCBTC,0.01331,0.01359,0.01268,0.01304,419513.87,5535.75
2019-05-29,LTCBTC,0.01317,0.01355,0.01283,0.01331,227100.81,3010.16
2019-05-28,LTCBTC,0.01329,0.01346,0.01295,0.01317,238964.59,3142.16
2019-05-27,LTCBTC,0.0129,0.0137,0.01268,0.01329,498551.16,6524.08
2019-05-26,LTCBTC,0.01279,0.01334,0.01217,0.0129,386005.73,4906.7
2019-05-25,LTCBTC,0.01262,0.01312,0.01242,0.01279,301611.14,3848.1
2019-05-24,LTCBTC,0.01129,0.013,0.01128,0.01262,464375.76,5718.44
2019-05-23,LTCBTC,0.0115,0.01154,0.01119,0.01129,146477.61,1667.3
2019-05-22,LTCBTC,0.01148,0.01176,0.01098,0.0115,199527.49,2276.58
2019-05-21,LTCBTC,0.01148,0.0117,0.0113,0.01148,151923.03,1746.0
2019-05-20,LTCBTC,0.01159,0.01166,0.01136,0.01148,192635.68,2220.59
2019-05-19,LTCBTC,0.01193,0.01202,0.01157,0.01159,198083.95,2327.41
2019-05-18,LTCBTC,0.0122,0.01221,0.01178,0.01193,155341.76,1860.54
2019-05-17,LTCBTC,0.01213,0.0125,0.01171,0.0122,447618.58,5437.05
2019-05-16,LTCBTC,0.01249,0.01293,0.0115,0.01213,533182.27,6551.29
2019-05-15,LTCBTC,0.01147,0.01295,0.01134,0.01249,391084.8,4775.09
2019-05-14,LTCBTC,0.01121,0.01172,0.01107,0.01147,368483.43,4180.36
2019-05-13,LTCBTC,0.01215,0.01239,0.0111,0.01121,331771.46,3892.49
2019-05-12,LTCBTC,0.01221,0.01267,0.012,0.01215,371341.68,4560.34
2019-05-11,LTCBTC,0.01209,0.01328,0.01137,0.01221,496941.37,6235.67
2019-05-10,LTCBTC,0.01195,0.01249,0.01155,0.01209,178326.45,2150.92
2019-05-09,LTCBTC,0.01243,0.01245,0.0116,0.01195,105290.56,1277.07
2019-05-08,LTCBTC,0.01275,0.01277,0.01239,0.01243,114685.33,1439.92
2019-05-07,LTCBTC,0.01303,0.01355,0.01285,0.0129,75321.71,989.32
2019-05-06,LTCBTC,0.01311,0.01333,0.01267,0.01303,176567.29,2289.37
2019-05-05,LTCBTC,0.01334,0.01345,0.01308,0.01311,80663.02,1068.63
2019-05-04,LTCBTC,0.01373,0.01413,0.01318,0.01334,232240.44,3144.67
2019-05-03,LTCBTC,0.01341,0.01396,0.01283,0.01373,253320.45,3435.92
2019-05-02,LTCBTC,0.01363,0.01373,0.01325,0.01341,111905.69,1509.56
2019-05-01,LTCBTC,0.01396,0.01409,0.01345,0.01363,134373.54,1841.28
2019-04-30,LTCBTC,0.01295,0.014,0.01295,0.01396,198383.26,2688.66
2019-04-29,LTCBTC,0.01316,0.01322,0.01275,0.01295,114755.14,1489.84
2019-04-28,LTCBTC,0.01364,0.01367,0.013,0.01316,112161.12,1495.18
2019-04-27,LTCBTC,0.0139,0.01391,0.01355,0.01364,53993.44,742.43
2019-04-26,LTCBTC,0.01375,0.01397,0.01361,0.0139,164379.8,2268.93
2019-04-25,LTCBTC,0.01345,0.01395,0.01337,0.01375,172509.39,2344.89
2019-04-24,LTCBTC,0.01341,0.01352,0.01284,0.01345,259397.49,3428.47
2019-04-23,LTCBTC,0.01427,0.01435,0.01333,0.01341,185656.01,2598.08
2019-04-22,LTCBTC,0.01457,0.01468,0.01419,0.01427,130917.14,1888.96
2019-04-21,LTCBTC,0.01533,0.0154,0.01401,0.01457,211053.57,3067.37
2019-04-20,LTCBTC,0.0156,0.01567,0.01513,0.01533,100303.62,1540.62
2019-04-19,LTCBTC,0.01553,0.01579,0.01534,0.0156,136621.95,2122.49
2019-04-18,LTCBTC,0.01514,0.0159,0.01514,0.01553,134065.11,2074.49
2019-04-17,LTCBTC,0.01551,0.0156,0.01512,0.01514,88736.21,1355.31
2019-04-16,LTCBTC,0.01554,0.01575,0.01537,0.01551,110396.14,1716.15
2019-04-15,LTCBTC,0.01623,0.01639,0.01501,0.01554,172638.41,2714.52
2019-04-14,LTCBTC,0.01538,0.01626,0.01518,0.01623,111094.44,1732.14
2019-04-13,LTCBTC,0.01554,0.01593,0.01508,0.01538,95156.36,1474.0
2019-04-12,LTCBTC,0.01573,0.01588,0.01531,0.01554,123636.94,1926.57
2019-04-11,LTCBTC,0.01661,0.01662,0.01501,0.01573,254433.46,3984.73
2019-04-10,LTCBTC,0.01674,0.017,0.01647,0.01661,120972.41,2028.0
2019-04-09,LTCBTC,0.01692,0.01722,0.01625,0.01674,149766.75,2502.65
2019-04-08,LTCBTC,0.01769,0.01786,0.01671,0.01692,209640.95,3587.85
2019-04-07,LTCBTC,0.01829,0.01856,0.0175,0.01769,181737.34,3278.71
2019-04-06,LTCBTC,0.01763,0.0189,0.01717,0.01829,266589.66,4837.37
2019-04-05,LTCBTC,0.0173,0.0179,0.0171,0.01763,204077.28,3587.95
2019-04-04,LTCBTC,0.01724,0.01786,0.01651,0.0173,390724.2,6729.59
2019-04-03,LTCBTC,0.0158,0.01894,0.01561,0.01724,879245.9,15142.38
2019-04-02,LTCBTC,0.01459,0.01604,0.01329,0.0158,500160.28,7345.36
2019-04-01,LTCBTC,0.01474,0.01478,0.01441,0.01459,90197.48,1318.72
2019-03-19,LTCBTC,0.01484,0.01497,0.01483,0.01493,8751.82,130.39
2019-03-18,LTCBTC,0.01519,0.01551,0.01469,0.01484,210207.39,3154.2
2019-03-17,LTCBTC,0.01528,0.01535,0.01505,0.01519,164120.11,2496.48
2019-03-16,LTCBTC,0.0149,0.01569,0.01488,0.01528,305075.26,4656.69
2019-03-15,LTCBTC,0.01442,0.01503,0.01442,0.0149,226695.03,3343.5
2019-03-14,LTCBTC,0.0143,0.01487,0.01395,0.01442,198673.98,2861.66
2019-03-13,LTCBTC,0.01457,0.0146,0.01412,0.0143,159265.97,2293.51
2019-03-12,LTCBTC,0.01416,0.01463,0.01396,0.01457,142309.16,2058.51
2019-03-11,LTCBTC,0.01446,0.0146,0.01395,0.01416,196880.41,2800.74
2019-03-10,LTCBTC,0.01465,0.01473,0.01436,0.01446,175886.98,2551.02
2019-03-09,LTCBTC,0.01439,0.01517,0.01436,0.01465,360483.42,5309.24
2019-03-08,LTCBTC,0.01464,0.01477,0.0141,0.01439,328232.39,4750.35
2019-03-07,LTCBTC,0.01434,0.01516,0.01398,0.01464,525505.75,7653.54
2019-03-06,LTCBTC,0.01362,0.01459,0.0134,0.01434,460375.04,6472.21
2019-03-05,LTCBTC,0.01232,0.01407,0.01222,0.01362,470509.59,6271.15
2019-03-04,LTCBTC,0.01257,0.01262,0.01213,0.01232,190051.85,2345.01
2019-03-03,LTCBTC,0.0127,0.01281,0.01246,0.01257,147031.44,1857.37
2019-03-02,LTCBTC,0.01231,0.0129,0.01228,0.0127,220694.98,2775.21
2019-03-01,LTCBTC,0.01196,0.01273,0.01191,0.01231,228947.13,2828.58
2019-02-28,LTCBTC,0.01183,0.01209,0.0118,0.01196,176338.63,2105.77
2019-02-27,LTCBTC,0.01175,0.01188,0.01151,0.01183,144372.82,1696.6
2019-02-26,LTCBTC,0.01186,0.01197,0.0116,0.01175,169352.87,1996.6
2019-02-25,LTCBTC,0.01167,0.01216,0.01158,0.01186,281844.05,3328.17
2019-02-24,LTCBTC,0.01248,0.01276,0.01138,0.01167,425089.79,5123.46
2019-02-23,LTCBTC,0.01242,0.01275,0.01221,0.01248,213975.61,2657.18
2019-02-22,LTCBTC,0.01242,0.01259,0.01225,0.01242,198228.88,2464.45
2019-02-21,LTCBTC,0.01296,0.013,0.01222,0.01242,244379.3,3063.63
2019-02-20,LTCBTC,0.01206,0.01314,0.01194,0.01296,337679.94,4283.2
2019-02-19,LTCBTC,0.01227,0.01245,0.012,0.01206,241238.05,2939.5
2019-02-18,LTCBTC,0.01197,0.01258,0.0118,0.01227,334048.03,4061.11
2019-02-17,LTCBTC,0.01199,0.0122,0.01181,0.01197,174194.93,2086.1
2019-02-16,LTCBTC,0.01182,0.01222,0.01171,0.01199,205118.12,2466.95
2019-02-15,LTCBTC,0.01149,0.0122,0.01147,0.01182,213531.98,2504.78
2019-02-14,LTCBTC,0.01153,0.01171,0.0113,0.01149,162312.65,1867.92
2019-02-13,LTCBTC,0.01209,0.01223,0.01129,0.01153,234676.36,2750.27
2019-02-12,LTCBTC,0.01181,0.01226,0.01167,0.01209,281961.5,3379.44
2019-02-11,LTCBTC,0.01273,0.01279,0.01156,0.01181,375539.67,4526.88
2019-02-10,LTCBTC,0.01219,0.013,0.01165,0.01273,412900.62,5089.33
2019-02-09,LTCBTC,0.01175,0.01268,0.01155,0.01219,615708.28,7427.81
2019-02-08,LTCBTC,0.009782,0.0121,0.009709,0.01175,712894.77,7966.78
2019-02-07,LTCBTC,0.009623,0.009832,0.009622,0.009782,110797.72,1080.18
2019-02-06,LTCBTC,0.009896,0.009941,0.009522,0.009623,200273.4,1929.23
2019-02-05,LTCBTC,0.00985,0.009964,0.009738,0.009896,178587.46,1761.88
2019-02-04,LTCBTC,0.009664,0.009949,0.009643,0.00985,182006.29,1785.69
2019-02-03,LTCBTC,0.009868,0.009959,0.009589,0.009664,240748.38,2352.86
2019-02-02,LTCBTC,0.00941,0.009972,0.009408,0.009868,219929.59,2109.35
2019-02-01,LTCBTC,0.009146,0.009659,0.009023,0.00941,222674.06,2084.42
2019-01-31,LTCBTC,0.009163,0.009299,0.009057,0.009146,156645.48,1433.52
2019-01-30,LTCBTC,0.00903,0.0092,0.008967,0.009163,124191.0,1130.06
2019-01-29,LTCBTC,0.009009,0.009132,0.008883,0.00903,126010.12,1138.13
2019-01-28,LTCBTC,0.009074,0.009144,0.0088,0.009009,193556.3,1732.01
2019-01-27,LTCBTC,0.009201,0.009272,0.008973,0.009074,134629.98,1230.41
2019-01-26,LTCBTC,0.009158,0.009358,0.009136,0.009201,139370.83,1291.06
2019-01-25,LTCBTC,0.009116,0.009211,0.008996,0.009158,121184.1,1103.59
2019-01-24,LTCBTC,0.008919,0.009239,0.008757,0.009116,134247.67,1205.99
2019-01-23,LTCBTC,0.008796,0.008998,0.00878,0.008919,119027.21,1058.2
2019-01-22,LTCBTC,0.008738,0.008896,0.00852,0.008796,147188.8,1285.04
2019-01-21,LTCBTC,0.008652,0.008794,0.008642,0.008738,79353.76,690.96
2019-01-20,LTCBTC,0.008725,0.00906,0.008511,0.008652,170399.14,1494.7
2019-01-19,LTCBTC,0.008562,0.00887,0.008559,0.008725,118086.58,1029.72
2019-01-18,LTCBTC,0.008689,0.008708,0.008481,0.008562,106426.09,914.24
2019-01-17,LTCBTC,0.008709,0.008745,0.008388,0.008689,174209.09,1491.63
2019-01-16,LTCBTC,0.008659,0.008766,0.008572,0.008709,108966.63,944.49
2019-01-15,LTCBTC,0.008749,0.008873,0.008502,0.008659,160020.61,1394.39
2019-01-14,LTCBTC,0.008508,0.008884,0.008485,0.008749,148631.59,1288.36
2019-01-13,LTCBTC,0.008835,0.009073,0.008431,0.008508,148623.99,1300.02
2019-01-12,LTCBTC,0.008741,0.008892,0.00868,0.008835,126043.75,1109.2
2019-01-11,LTCBTC,0.009152,0.009207,0.008656,0.008741,256261.92,2299.82
2019-01-10,LTCBTC,0.009625,0.009726,0.008874,0.009152,331916.04,3058.71
2019-01-09,LTCBTC,0.009785,0.009948,0.009603,0.009625,224772.44,2192.98
2019-01-08,LTCBTC,0.009398,0.0101,0.009337,0.009785,343572.38,3356.15
2019-01-07,LTCBTC,0.009602,0.009756,0.009286,0.009398,323256.17,3066.81
2019-01-06,LTCBTC,0.009107,0.01012,0.009017,0.009602,589113.42,5674.68
2019-01-05,LTCBTC,0.008379,0.009455,0.008379,0.009107,352128.66,3156.64
2019-01-04,LTCBTC,0.008337,0.00857,0.008264,0.008379,113253.37,951.23
2019-01-03,LTCBTC,0.008474,0.008507,0.008206,0.008337,114174.03,952.94
2019-01-02,LTCBTC,0.008294,0.008581,0.008283,0.008474,112485.54,949.11
2019-01-01,LTCBTC,0.00809,0.008494,0.008025,0.008294,82285.39,679.15
2018-12-31,LTCBTC,0.008254,0.008275,0.008025,0.00809,108430.32,882.47
2018-12-30,LTCBTC,0.0082,0.008326,0.008122,0.008254,131697.67,1085.98
2018-12-29,LTCBTC,0.008277,0.00848,0.008106,0.0082,193334.71,1594.57
2018-12-28,LTCBTC,0.007721,0.008506,0.007717,0.008277,256127.85,2089.74
2018-12-27,LTCBTC,0.008015,0.008094,0.007583,0.007721,183884.28,1439.31
2018-12-26,LTCBTC,0.008142,0.008288,0.007772,0.008015,178033.19,1429.5
2018-12-25,LTCBTC,0.008158,0.00825,0.008,0.008142,181399.29,1471.13
2018-12-24,LTCBTC,0.008388,0.008637,0.008053,0.008158,256761.7,2166.16
2018-12-23,LTCBTC,0.007912,0.008526,0.007912,0.008388,172452.84,1421.31
2018-12-22,LTCBTC,0.007889,0.007973,0.007821,0.007912,92244.19,729.07
2018-12-21,LTCBTC,0.007936,0.008,0.007732,0.007889,136545.54,1073.77
2018-12-20,LTCBTC,0.007871,0.00805,0.007646,0.007936,194050.26,1518.49
2018-12-19,LTCBTC,0.0082,0.008469,0.007805,0.007871,238043.11,1918.19
2018-12-18,LTCBTC,0.008258,0.008338,0.008006,0.0082,156470.21,1274.32
2018-12-17,LTCBTC,0.007906,0.008542,0.00788,0.008258,254874.59,2113.01
2018-12-16,LTCBTC,0.007343,0.008204,0.007337,0.007906,273573.1,2179.67
2018-12-15,LTCBTC,0.007234,0.007412,0.00715,0.007343,83171.79,609.26
2018-12-14,LTCBTC,0.006989,0.007248,0.006901,0.007234,98531.47,698.74
2018-12-13,LTCBTC,0.007016,0.007082,0.006963,0.006989,78717.63,552.57
2018-12-12,LTCBTC,0.006925,0.007191,0.0069,0.007016,88288.22,625.33
2018-12-11,LTCBTC,0.007036,0.007142,0.00688,0.006917,69558.87,486.25
2018-12-10,LTCBTC,0.007155,0.007193,0.006935,0.007036,86017.29,607.63
2018-12-09,LTCBTC,0.007119,0.007476,0.007104,0.007155,109806.62,799.16
2018-12-08,LTCBTC,0.007325,0.007681,0.006923,0.007119,194606.08,1405.91
2018-12-07,LTCBTC,0.007615,0.007695,0.00688,0.007325,222516.34,1620.58
2018-12-06,LTCBTC,0.007769,0.007891,0.007478,0.007615,155841.72,1194.8
2018-12-05,LTCBTC,0.00787,0.007965,0.0077,0.007769,76102.62,595.76
2018-12-04,LTCBTC,0.007956,0.008008,0.00786,0.00787,72299.11,573.8
2018-12-03,LTCBTC,0.008114,0.00815,0.007807,0.007956,77058.94,615.64
2018-12-02,LTCBTC,0.008152,0.008217,0.008037,0.008114,59378.39,482.86
2018-12-01,LTCBTC,0.007965,0.008245,0.007878,0.008152,68778.83,554.34
2018-11-30,LTCBTC,0.00789,0.008031,0.007763,0.007948,80600.41,636.51
2018-11-29,LTCBTC,0.008153,0.008241,0.007864,0.00789,98822.65,792.67
2018-11-28,LTCBTC,0.008156,0.008398,0.007927,0.008153,156922.5,1278.74
2018-11-27,LTCBTC,0.007823,0.008165,0.00779,0.008156,114279.63,912.76
2018-11-26,LTCBTC,0.00771,0.007954,0.007587,0.007823,176891.15,1382.24
2018-11-25,LTCBTC,0.007558,0.00777,0.007421,0.00771,182364.79,1387.57
2018-11-24,LTCBTC,0.007415,0.00763,0.007314,0.007558,98937.5,736.44
2018-11-23,LTCBTC,0.007347,0.007569,0.007287,0.007415,86554.78,640.31
2018-11-22,LTCBTC,0.007541,0.007584,0.007344,0.007347,74880.46,562.0
2018-11-21,LTCBTC,0.007412,0.00755,0.007234,0.007541,123583.77,914.61
2018-11-20,LTCBTC,0.007538,0.007704,0.0071,0.007412,241215.69,1799.84
2018-11-19,LTCBTC,0.007521,0.007573,0.007055,0.007538,159472.4,1165.53
2018-11-18,LTCBTC,0.007535,0.007643,0.007476,0.007521,45839.74,347.27
2018-11-17,LTCBTC,0.007593,0.00761,0.007501,0.007535,52359.64,395.21
2018-11-16,LTCBTC,0.007772,0.007802,0.007551,0.007593,81700.75,628.06
2018-11-15,LTCBTC,0.007616,0.00789,0.007538,0.007772,154351.75,1187.06
2018-11-14,LTCBTC,0.007803,0.00787,0.007137,0.007616,171609.21,1299.69
2018-11-13,LTCBTC,0.007937,0.007993,0.007682,0.007803,74450.38,585.81
2018-11-12,LTCBTC,0.007965,0.008031,0.007853,0.007937,55653.36,441.69
2018-11-11,LTCBTC,0.008158,0.008158,0.007847,0.007965,57141.01,456.86
2018-11-10,LTCBTC,0.008133,0.008197,0.008096,0.008158,30270.19,246.68
2018-11-09,LTCBTC,0.008139,0.008194,0.008072,0.008133,45606.34,370.73
2018-11-08,LTCBTC,0.008281,0.008351,0.0081,0.008139,75128.68,617.75
2018-11-07,LTCBTC,0.008662,0.008679,0.008192,0.008281,117819.17,987.82
2018-11-06,LTCBTC,0.008342,0.008685,0.008321,0.008662,117728.56,996.69
2018-11-05,LTCBTC,0.008417,0.008503,0.008218,0.008342,111299.83,925.64
2018-11-04,LTCBTC,0.007988,0.008663,0.007912,0.008417,183058.03,1531.0
2018-11-03,LTCBTC,0.00805,0.008084,0.007919,0.007988,61924.46,496.49
2018-11-02,LTCBTC,0.0079,0.008099,0.007885,0.00805,79937.16,639.59
2018-11-01,LTCBTC,0.007841,0.007928,0.007783,0.0079,69747.16,549.02
2018-10-31,LTCBTC,0.007791,0.00793,0.007675,0.007841,67594.4,528.8
2018-10-30,LTCBTC,0.007753,0.007826,0.007726,0.007791,63534.16,494.36
2018-10-29,LTCBTC,0.008029,0.00805,0.007603,0.007753,133075.98,1044.14
2018-10-28,LTCBTC,0.008034,0.008058,0.007992,0.008029,50406.71,404.37
2018-10-27,LTCBTC,0.008059,0.008105,0.007986,0.008034,50842.75,408.87
2018-10-26,LTCBTC,0.008086,0.008123,0.007991,0.008059,67749.35,546.37
2018-10-25,LTCBTC,0.008087,0.008116,0.00805,0.008086,57095.83,461.48
2018-10-24,LTCBTC,0.008131,0.00815,0.008035,0.008087,98540.78,797.68
2018-10-23,LTCBTC,0.008072,0.008217,0.00803,0.008131,82985.07,672.62
2018-10-22,LTCBTC,0.008133,0.008186,0.008025,0.008072,186044.99,1504.68
2018-10-21,LTCBTC,0.008244,0.008267,0.008114,0.008133,140317.06,1148.4
2018-10-20,LTCBTC,0.008219,0.008273,0.008169,0.008244,150036.24,1232.55
2018-10-19,LTCBTC,0.008086,0.008297,0.00806,0.008219,145377.61,1189.72
2018-10-18,LTCBTC,0.008202,0.00823,0.00802,0.008086,204051.75,1656.92
2018-10-17,LTCBTC,0.008221,0.008234,0.008125,0.008202,175358.39,1434.85
2018-10-16,LTCBTC,0.008323,0.008323,0.008305,0.008305,0.0,0.0
2018-10-15,LTCBTC,0.00829,0.008644,0.008116,0.008323,281522.05,2339.17
2018-10-14,LTCBTC,0.008535,0.00854,0.008252,0.00829,145871.46,1230.6
2018-10-13,LTCBTC,0.00853,0.008684,0.00847,0.008535,172131.21,1471.52
2018-10-12,LTCBTC,0.008208,0.008589,0.008148,0.00853,224044.48,1886.19
2018-10-11,LTCBTC,0.008811,0.008822,0.008142,0.008208,239487.85,2003.62
2018-10-10,LTCBTC,0.008862,0.008877,0.008727,0.008811,175635.28,1545.7
2018-10-09,LTCBTC,0.008948,0.008962,0.008798,0.008862,156248.63,1387.55
2018-10-08,LTCBTC,0.008812,0.008995,0.008719,0.008948,197619.33,1748.68
2018-10-07,LTCBTC,0.008789,0.008912,0.008695,0.008812,153687.11,1350.88
2018-10-06,LTCBTC,0.008881,0.00893,0.008646,0.008789,146142.16,1286.64
2018-10-05,LTCBTC,0.008851,0.008989,0.008748,0.008881,169920.6,1501.65
2018-10-04,LTCBTC,0.00884,0.008977,0.008803,0.008851,165362.12,1474.05
2018-10-03,LTCBTC,0.009109,0.00912,0.008779,0.00884,179491.71,1597.99
2018-10-02,LTCBTC,0.00914,0.00933,0.008748,0.009109,211082.41,1934.61
2018-10-01,LTCBTC,0.00924,0.009343,0.00907,0.00914,189495.7,1739.78
2018-09-30,LTCBTC,0.00933,0.009468,0.009144,0.00924,169930.84,1571.64
2018-09-29,LTCBTC,0.009331,0.009543,0.009117,0.00933,169509.11,1575.75
2018-09-28,LTCBTC,0.00946,0.00962,0.009176,0.009331,199223.81,1865.21
2018-09-27,LTCBTC,0.008852,0.00989,0.008749,0.00946,325230.15,3056.7
2018-09-26,LTCBTC,0.008937,0.009162,0.008751,0.008852,213781.21,1904.6
2018-09-25,LTCBTC,0.00882,0.009064,0.008525,0.008937,213570.88,1873.39
2018-09-24,LTCBTC,0.009161,0.009168,0.008664,0.00882,206541.46,1829.28
2018-09-23,LTCBTC,0.009019,0.009409,0.008942,0.009161,176923.13,1620.9
2018-09-22,LTCBTC,0.008991,0.009125,0.008698,0.009019,128155.06,1141.47
2018-09-21,LTCBTC,0.008708,0.009254,0.008508,0.008991,239812.85,2101.73
2018-09-20,LTCBTC,0.008485,0.0088,0.008357,0.008708,180761.85,1532.99
2018-09-19,LTCBTC,0.008533,0.008618,0.008301,0.008485,168856.76,1431.47
2018-09-18,LTCBTC,0.008326,0.008691,0.008094,0.008533,188136.26,1579.07
2018-09-17,LTCBTC,0.008738,0.00887,0.008256,0.008326,181659.57,1557.16
2018-09-16,LTCBTC,0.008655,0.008837,0.008502,0.008738,55921.3,485.59
2018-09-15,LTCBTC,0.008674,0.008954,0.008565,0.008655,138661.05,1221.77
2018-09-14,LTCBTC,0.008394,0.009,0.008222,0.008674,169913.74,1451.29
2018-09-13,LTCBTC,0.008161,0.008488,0.008135,0.008394,183545.76,1527.78
2018-09-12,LTCBTC,0.008262,0.008276,0.007583,0.008161,193827.34,1538.39
2018-09-11,LTCBTC,0.00862,0.00862,0.008064,0.008262,175984.71,1479.19
2018-09-10,LTCBTC,0.00876,0.008892,0.008474,0.00862,151920.29,1313.5
2018-09-09,LTCBTC,0.00858,0.008873,0.008483,0.00876,155366.93,1342.85
2018-09-08,LTCBTC,0.008684,0.008871,0.008479,0.00858,148998.11,1295.27
2018-09-07,LTCBTC,0.008837,0.008959,0.008667,0.008684,165126.86,1451.46
2018-09-06,LTCBTC,0.008606,0.00886,0.008502,0.008837,216974.06,1877.82
2018-09-05,LTCBTC,0.009185,0.00927,0.008575,0.008606,201843.07,1799.68
2018-09-04,LTCBTC,0.009,0.009396,0.008993,0.009185,172629.13,1593.63
2018-09-03,LTCBTC,0.009072,0.00909,0.008899,0.009,147218.93,1319.27
2018-09-02,LTCBTC,0.009238,0.009274,0.008882,0.009072,158396.62,1435.05
2018-09-01,LTCBTC,0.008849,0.00936,0.00883,0.009238,178036.81,1623.76
2018-08-31,LTCBTC,0.008614,0.00908,0.008567,0.008849,161888.82,1409.59
2018-08-30,LTCBTC,0.008731,0.008756,0.008554,0.008614,161474.92,1396.68
2018-08-29,LTCBTC,0.008926,0.00897,0.008676,0.008731,167121.87,1468.78
2018-08-28,LTCBTC,0.00878,0.00896,0.008633,0.008926,167939.27,1471.23
2018-08-27,LTCBTC,0.008508,0.008908,0.00847,0.00878,164935.02,1415.57
2018-08-26,LTCBTC,0.008594,0.0086,0.00847,0.008508,147248.66,1251.9
2018-08-25,LTCBTC,0.008645,0.00867,0.00853,0.008594,138854.9,1194.14
2018-08-24,LTCBTC,0.008772,0.00883,0.008545,0.008645,158075.63,1374.25
2018-08-23,LTCBTC,0.00869,0.008869,0.008348,0.008772,147052.16,1273.5
2018-08-22,LTCBTC,0.008704,0.008725,0.008534,0.00869,148889.63,1283.69
2018-08-21,LTCBTC,0.008544,0.008761,0.008508,0.008704,143888.2,1239.18
2018-08-20,LTCBTC,0.008915,0.008976,0.008488,0.008544,173937.1,1519.97
2018-08-19,LTCBTC,0.00893,0.009147,0.008811,0.008915,173720.52,1553.87
2018-08-18,LTCBTC,0.009391,0.009424,0.008699,0.00893,176406.53,1589.62
2018-08-17,LTCBTC,0.008763,0.009414,0.008728,0.009391,186995.11,1673.53
2018-08-16,LTCBTC,0.008665,0.008916,0.008662,0.008763,140872.45,1236.17
2018-08-15,LTCBTC,0.008773,0.009012,0.008613,0.008665,198030.88,1743.22
2018-08-14,LTCBTC,0.009037,0.009049,0.008345,0.008773,180109.68,1547.6
2018-08-13,LTCBTC,0.009396,0.009396,0.00895,0.009037,159638.96,1465.86
2018-08-12,LTCBTC,0.009085,0.009085,0.009085,0.009085,0.0,0.0
2018-08-11,LTCBTC,0.009612,0.009617,0.009045,0.009085,92265.47,853.16
2018-08-10,LTCBTC,0.00963,0.009771,0.009548,0.009612,156713.97,1508.74
2018-08-09,LTCBTC,0.009885,0.01008,0.009612,0.00963,160867.26,1583.84
2018-08-08,LTCBTC,0.01002,0.0102,0.00975,0.009885,167741.4,1679.92
2018-08-07,LTCBTC,0.01061,0.01066,0.009938,0.01002,163470.24,1704.65
2018-08-06,LTCBTC,0.01063,0.01076,0.01052,0.01061,138605.79,1472.22
2018-08-05,LTCBTC,0.01042,0.01066,0.01039,0.01063,135864.74,1430.72
2018-08-04,LTCBTC,0.01046,0.01067,0.0103,0.01042,143537.35,1498.48
2018-08-03,LTCBTC,0.01011,0.01049,0.0101,0.01046,145163.25,1491.73
2018-08-02,LTCBTC,0.01021,0.01023,0.01006,0.01011,132467.28,1341.83
2018-08-01,LTCBTC,0.01019,0.01032,0.01012,0.01021,145353.25,1485.71
2018-07-31,LTCBTC,0.01005,0.01023,0.009836,0.01019,154246.17,1545.08
2018-07-30,LTCBTC,0.0102,0.0103,0.01004,0.01005,140976.74,1434.01
2018-07-29,LTCBTC,0.01022,0.01031,0.01017,0.0102,133737.99,1367.36
2018-07-28,LTCBTC,0.01032,0.01033,0.01016,0.01022,137831.93,1411.18
2018-07-27,LTCBTC,0.01053,0.01056,0.01022,0.01032,146522.57,1524.29
2018-07-26,LTCBTC,0.01056,0.01062,0.01041,0.01053,144817.34,1527.7
2018-07-25,LTCBTC,0.01063,0.01075,0.01039,0.01056,157238.02,1657.75
2018-07-24,LTCBTC,0.01054,0.01113,0.01032,0.01063,174164.42,1861.55
2018-07-23,LTCBTC,0.01111,0.01125,0.01052,0.01054,124042.53,1345.27
2018-07-22,LTCBTC,0.01127,0.01132,0.01099,0.01111,134018.81,1491.84
2018-07-21,LTCBTC,0.01115,0.01146,0.01094,0.01127,130091.78,1463.15
2018-07-20,LTCBTC,0.01152,0.01157,0.0111,0.01115,145938.62,1649.63
2018-07-19,LTCBTC,0.01169,0.0119,0.01149,0.01152,143852.88,1683.54
2018-07-18,LTCBTC,0.01217,0.01264,0.01166,0.01169,164383.61,2000.15
2018-07-17,LTCBTC,0.01244,0.01253,0.012,0.01217,150524.87,1850.61
2018-07-16,LTCBTC,0.01235,0.0126,0.01225,0.01244,145280.62,1803.03
2018-07-15,LTCBTC,0.01219,0.01244,0.01206,0.01235,133732.67,1636.3
2018-07-14,LTCBTC,0.0123,0.01235,0.01215,0.01219,127399.05,1557.41
2018-07-13,LTCBTC,0.01232,0.01247,0.01219,0.0123,137311.16,1695.78
2018-07-12,LTCBTC,0.01226,0.01239,0.01199,0.01232,133529.02,1633.15
2018-07-11,LTCBTC,0.01204,0.01265,0.01192,0.01226,153221.2,1868.5
2018-07-10,LTCBTC,0.01208,0.01249,0.01166,0.01204,162268.23,1931.64
2018-07-09,LTCBTC,0.01226,0.01232,0.01204,0.01208,138126.36,1684.08
2018-07-08,LTCBTC,0.01255,0.01264,0.01222,0.01226,131963.99,1645.85
2018-07-07,LTCBTC,0.01259,0.01263,0.01218,0.01255,142152.1,1763.81
2018-07-06,LTCBTC,0.01275,0.01288,0.01248,0.01259,138577.4,1752.8
2018-07-05,LTCBTC,0.01296,0.01306,0.01262,0.01275,144709.55,1852.34
2018-07-04,LTCBTC,0.01303,0.0133,0.01291,0.01296,103880.56,1354.57
2018-07-03,LTCBTC,0.01291,0.01352,0.01285,0.01303,173136.86,2277.9
2018-07-02,LTCBTC,0.01256,0.01305,0.01243,0.01291,156032.68,1984.61
2018-07-01,LTCBTC,0.01272,0.01273,0.01234,0.01256,135764.01,1703.47
2018-06-30,LTCBTC,0.01273,0.01308,0.01252,0.01272,136628.72,1745.95
2018-06-29,LTCBTC,0.01268,0.0129,0.0124,0.01273,136409.8,1716.57
2018-06-28,LTCBTC,0.01314,0.01325,0.0126,0.01268,137521.1,1780.54
2018-06-27,LTCBTC,0.01247,0.01323,0.01242,0.01314,127786.94,1638.97
2018-06-26,LTCBTC,0.01305,0.01313,0.01235,0.01247,86352.65,1107.03
2018-06-25,LTCBTC,0.01309,0.0134,0.01284,0.01305,147117.98,1926.19
2018-06-24,LTCBTC,0.01343,0.0135,0.01267,0.01309,172174.38,2258.95
2018-06-23,LTCBTC,0.01403,0.01411,0.01338,0.01343,155435.0,2118.46
2018-06-22,LTCBTC,0.0144,0.01443,0.01352,0.01403,181919.74,2536.39
2018-06-21,LTCBTC,0.01446,0.01461,0.0143,0.0144,137222.67,1978.64
2018-06-20,LTCBTC,0.01463,0.01475,0.01443,0.01446,122903.79,1785.22
2018-06-19,LTCBTC,0.01472,0.01504,0.01452,0.01463,125600.61,1838.29
2018-06-18,LTCBTC,0.01472,0.01486,0.01449,0.01472,141059.09,2067.38
2018-06-17,LTCBTC,0.01488,0.01498,0.01468,0.01472,127503.66,1888.54
2018-06-16,LTCBTC,0.01495,0.015,0.01465,0.01488,137377.38,2037.72
2018-06-15,LTCBTC,0.01518,0.01519,0.01475,0.01495,127607.04,1909.96
2018-06-14,LTCBTC,0.01484,0.01537,0.01468,0.01518,165813.03,2481.82
2018-06-13,LTCBTC,0.01526,0.01528,0.01434,0.01484,174531.24,2590.65
2018-06-12,LTCBTC,0.01559,0.01575,0.01497,0.01526,172334.87,2666.94
2018-06-11,LTCBTC,0.01574,0.01598,0.01541,0.01559,155524.33,2440.66
2018-06-10,LTCBTC,0.01565,0.01589,0.01541,0.01574,172199.7,2688.5
2018-06-09,LTCBTC,0.01576,0.01579,0.01557,0.01565,127747.96,2002.92
2018-06-08,LTCBTC,0.01581,0.01591,0.0156,0.01576,144965.65,2276.44
2018-06-07,LTCBTC,0.01585,0.01598,0.01563,0.01581,149368.45,2360.89
2018-06-06,LTCBTC,0.01602,0.01608,0.01575,0.01585,138951.08,2209.56
2018-06-05,LTCBTC,0.01599,0.01605,0.01571,0.01602,145260.11,2305.52
2018-06-04,LTCBTC,0.01621,0.0164,0.01582,0.01599,145987.45,2342.55
2018-06-03,LTCBTC,0.01616,0.01652,0.016,0.01621,147588.18,2401.41
2018-06-02,LTCBTC,0.01598,0.01623,0.01584,0.01616,145800.37,2340.29
2018-06-01,LTCBTC,0.01579,0.01599,0.01568,0.01598,142242.46,2255.88
2018-05-31,LTCBTC,0.01588,0.01596,0.01572,0.01579,141822.24,2245.75
2018-05-30,LTCBTC,0.016,0.01625,0.01567,0.01588,131055.78,2099.99
2018-05-29,LTCBTC,0.01559,0.01641,0.01552,0.016,133714.66,2139.15
2018-05-28,LTCBTC,0.01603,0.01614,0.01552,0.01559,98732.55,1556.48
2018-05-27,LTCBTC,0.01613,0.01618,0.01593,0.01603,80661.24,1296.12
2018-05-26,LTCBTC,0.01593,0.01618,0.0159,0.01613,84468.54,1355.8
2018-05-25,LTCBTC,0.01619,0.01629,0.01584,0.01593,104758.19,1680.28
2018-05-24,LTCBTC,0.01576,0.01645,0.01557,0.01619,105264.26,1684.17
2018-05-23,LTCBTC,0.01603,0.01614,0.01548,0.01576,137514.76,2179.02
2018-05-22,LTCBTC,0.01598,0.01629,0.01592,0.01603,96846.82,1557.41
2018-05-21,LTCBTC,0.01639,0.01642,0.01598,0.01598,95402.5,1540.03
2018-05-20,LTCBTC,0.01639,0.01655,0.01623,0.01639,100039.75,1639.88
2018-05-19,LTCBTC,0.01649,0.01657,0.01625,0.01639,92427.34,1514.51
2018-05-18,LTCBTC,0.01643,0.0167,0.0162,0.01649,103119.59,1690.57
2018-05-17,LTCBTC,0.01668,0.01686,0.01629,0.01643,100003.31,1661.25
2018-05-16,LTCBTC,0.01643,0.01675,0.01626,0.01668,108225.38,1795.12
2018-05-15,LTCBTC,0.01698,0.01714,0.01628,0.01643,168138.03,2797.84
2018-05-14,LTCBTC,0.01663,0.01732,0.01612,0.01698,254720.32,4230.83
2018-05-13,LTCBTC,0.01671,0.01684,0.01622,0.01663,119028.97,1972.06
2018-05-12,LTCBTC,0.01621,0.01681,0.01594,0.01671,118256.6,1942.34
2018-05-11,LTCBTC,0.01644,0.01661,0.01598,0.01621,188781.1,3067.41
2018-05-10,LTCBTC,0.01684,0.0172,0.01638,0.01644,152208.96,2564.61
2018-05-09,LTCBTC,0.01731,0.0174,0.01678,0.01684,147835.36,2510.68
2018-05-08,LTCBTC,0.01755,0.01785,0.01715,0.01731,152896.3,2668.28
2018-05-07,LTCBTC,0.01784,0.01788,0.01708,0.01755,147187.13,2579.97
2018-05-06,LTCBTC,0.01817,0.0186,0.01743,0.01784,207764.81,3725.84
2018-05-05,LTCBTC,0.01742,0.01852,0.01727,0.01817,323480.65,5787.17
2018-05-04,LTCBTC,0.01654,0.01762,0.01627,0.01742,237221.13,4009.38
2018-05-03,LTCBTC,0.0164,0.01729,0.01637,0.01654,273110.6,4567.42
2018-05-02,LTCBTC,0.01633,0.01666,0.01614,0.0164,152883.37,2498.6
2018-05-01,LTCBTC,0.01607,0.01634,0.01596,0.01633,136894.37,2214.3
2018-04-30,LTCBTC,0.0163,0.01642,0.01597,0.01607,157149.64,2550.68
2018-04-29,LTCBTC,0.01626,0.01641,0.01609,0.0163,155798.91,2535.72
2018-04-28,LTCBTC,0.01634,0.01637,0.0161,0.01626,121726.17,1977.22
2018-04-27,LTCBTC,0.01656,0.01657,0.01613,0.01634,118760.19,1938.14
2018-04-26,LTCBTC,0.01632,0.01673,0.01627,0.01656,140990.05,2326.84
2018-04-25,LTCBTC,0.0171,0.01712,0.01591,0.01632,165150.86,2709.74
2018-04-24,LTCBTC,0.01706,0.01776,0.01696,0.0171,203965.42,3544.84
2018-04-23,LTCBTC,0.01666,0.01719,0.0166,0.01706,122048.07,2067.19
2018-04-22,LTCBTC,0.01664,0.01703,0.01642,0.01666,107371.41,1797.97
2018-04-21,LTCBTC,0.01756,0.01779,0.01632,0.01664,132843.96,2250.79
2018-04-20,LTCBTC,0.01775,0.01799,0.01738,0.01756,146936.27,2598.52
2018-04-19,LTCBTC,0.01717,0.01784,0.01691,0.01775,154061.94,2671.06
2018-04-18,LTCBTC,0.01676,0.01731,0.01671,0.01717,135585.9,2305.43
2018-04-17,LTCBTC,0.01597,0.01736,0.01596,0.01676,207612.3,3482.54
2018-04-16,LTCBTC,0.01585,0.0161,0.0157,0.01597,112070.64,1777.54
2018-04-15,LTCBTC,0.0158,0.016,0.0157,0.01585,101938.88,1612.16
2018-04-14,LTCBTC,0.0159,0.01595,0.0157,0.0158,89867.26,1422.84
2018-04-13,LTCBTC,0.01639,0.0164,0.0158,0.0159,145976.92,2352.09
2018-04-12,LTCBTC,0.01705,0.01708,0.01565,0.01639,157606.84,2555.01
2018-04-11,LTCBTC,0.01669,0.01715,0.01644,0.01705,60882.38,1015.14
2018-04-10,LTCBTC,0.01693,0.01701,0.01663,0.01669,44028.35,738.28
2018-04-09,LTCBTC,0.01675,0.01717,0.0167,0.01693,46810.58,794.24
2018-04-08,LTCBTC,0.01677,0.01685,0.01661,0.01675,77688.71,1298.74
2018-04-07,LTCBTC,0.01704,0.01732,0.01671,0.01677,80340.55,1366.27
2018-04-06,LTCBTC,0.0175,0.01759,0.01703,0.01704,87953.49,1518.54
2018-04-05,LTCBTC,0.01738,0.0179,0.01717,0.0175,101391.95,1776.06
2018-04-04,LTCBTC,0.01808,0.01816,0.01688,0.01738,121630.36,2115.99
2018-04-03,LTCBTC,0.01687,0.0183,0.01663,0.01808,121646.84,2105.33
2018-04-02,LTCBTC,0.01686,0.01715,0.01665,0.01687,89044.72,1511.27
2018-04-01,LTCBTC,0.01676,0.01713,0.0166,0.01686,87208.68,1467.05
2018-03-31,LTCBTC,0.01728,0.01749,0.0164,0.01676,103462.09,1768.32
2018-03-30,LTCBTC,0.01616,0.01767,0.0161,0.01728,143545.47,2433.03
2018-03-29,LTCBTC,0.0165,0.01665,0.01563,0.01616,141375.72,2286.86
2018-03-28,LTCBTC,0.01734,0.01737,0.01645,0.0165,115460.83,1956.72
2018-03-27,LTCBTC,0.01818,0.01824,0.01733,0.01734,110932.04,1967.03
2018-03-26,LTCBTC,0.01889,0.01907,0.01784,0.01818,109348.39,2023.81
2018-03-25,LTCBTC,0.01862,0.01908,0.0185,0.01889,81231.44,1521.66
2018-03-24,LTCBTC,0.01899,0.01901,0.01833,0.01862,95280.43,1772.26
2018-03-23,LTCBTC,0.01877,0.0191,0.0187,0.01899,92410.66,1741.76
2018-03-22,LTCBTC,0.01894,0.01915,0.01869,0.01877,97375.36,1841.39
2018-03-21,LTCBTC,0.01894,0.01924,0.01872,0.01894,110516.52,2106.04
2018-03-20,LTCBTC,0.01876,0.01925,0.01857,0.01894,115420.54,2179.5
2018-03-19,LTCBTC,0.01877,0.019,0.0185,0.01876,138440.68,2587.41
2018-03-18,LTCBTC,0.01935,0.01975,0.0186,0.01877,187212.94,3563.85
2018-03-17,LTCBTC,0.01988,0.02004,0.0193,0.01935,163343.22,3209.69
2018-03-16,LTCBTC,0.0199,0.0202,0.015,0.01988,178898.33,3539.97
2018-03-15,LTCBTC,0.01956,0.0204,0.01935,0.0199,217730.64,4315.55
2018-03-14,LTCBTC,0.01913,0.01995,0.01888,0.01956,195519.87,3777.65
2018-03-13,LTCBTC,0.01946,0.01962,0.01904,0.01913,140973.17,2709.89
2018-03-12,LTCBTC,0.01971,0.01993,0.01925,0.01946,59141.89,1157.25
2018-03-11,LTCBTC,0.02013,0.02072,0.01951,0.01971,70659.0,1428.67
2018-03-10,LTCBTC,0.02014,0.02069,0.01975,0.02013,84950.63,1713.9
2018-03-09,LTCBTC,0.0189,0.0209,0.01849,0.02014,155732.54,3062.74
2018-03-08,LTCBTC,0.01871,0.01927,0.0184,0.0189,88628.11,1663.47
2018-03-07,LTCBTC,0.01828,0.01875,0.01767,0.01871,106288.04,1945.33
2018-03-06,LTCBTC,0.01835,0.0186,0.01811,0.01828,72763.66,1337.7
2018-03-05,LTCBTC,0.01855,0.01893,0.018,0.01835,72609.39,1337.44
2018-03-04,LTCBTC,0.01828,0.01895,0.01827,0.01855,54087.46,1003.46
2018-03-03,LTCBTC,0.01928,0.01972,0.01828,0.01828,81147.94,1536.18
2018-03-02,LTCBTC,0.01912,0.0195,0.01859,0.01928,76517.44,1447.86
2018-03-01,LTCBTC,0.01954,0.01998,0.0191,0.01912,88765.72,1735.22
2018-02-28,LTCBTC,0.0203,0.0208,0.0195,0.01954,95450.48,1907.79
2018-02-27,LTCBTC,0.02116,0.0215,0.02001,0.0203,122767.69,2530.45
2018-02-26,LTCBTC,0.02278,0.02392,0.021,0.02116,230687.76,5214.97
2018-02-25,LTCBTC,0.02133,0.02341,0.02093,0.02278,169398.88,3752.1
2018-02-24,LTCBTC,0.0204,0.02145,0.02009,0.02133,128408.48,2655.18
2018-02-23,LTCBTC,0.01961,0.0208,0.01885,0.0204,151440.86,3040.6
2018-02-22,LTCBTC,0.02007,0.0206,0.01923,0.01961,137925.04,2738.46
2018-02-21,LTCBTC,0.02037,0.0207,0.01952,0.02007,182841.2,3673.43
2018-02-20,LTCBTC,0.01985,0.02211,0.01927,0.02037,372808.12,7817.77
2018-02-19,LTCBTC,0.02054,0.02088,0.01977,0.01985,106448.41,2168.17
2018-02-18,LTCBTC,0.02063,0.0217,0.02001,0.02054,193432.93,4010.77
2018-02-17,LTCBTC,0.02246,0.02259,0.0206,0.02063,160250.76,3426.23
2018-02-16,LTCBTC,0.02205,0.02344,0.02095,0.02246,273582.26,6059.88
2018-02-15,LTCBTC,0.02248,0.025,0.02095,0.02205,578489.35,13387.83
2018-02-14,LTCBTC,0.01866,0.0237,0.0186,0.02248,778716.42,16845.72
2018-02-13,LTCBTC,0.01816,0.0187,0.0181,0.01866,67818.03,1242.81
2018-02-12,LTCBTC,0.01837,0.01868,0.01804,0.01816,66415.3,1212.93
2018-02-11,LTCBTC,0.01813,0.0188,0.0179,0.01836,72794.9,1329.68
2018-02-10,LTCBTC,0.01884,0.01899,0.018,0.01813,108550.79,2007.25
2018-02-09,LTCBTC,0.01822,0.01889,0.01774,0.01884,66182.92,1208.21
2018-02-08,LTCBTC,0.01816,0.01832,0.01811,0.01822,1990.04,36.24
2018-02-07,LTCBTC,0.01842,0.0188,0.01795,0.01816,125411.19,2313.35
2018-02-06,LTCBTC,0.01814,0.01871,0.01727,0.01842,207759.56,3766.85
2018-02-05,LTCBTC,0.018,0.01852,0.01745,0.01814,199360.17,3596.9
2018-02-04,LTCBTC,0.01747,0.01884,0.01695,0.018,269571.36,4844.58
2018-02-03,LTCBTC,0.01484,0.0176,0.014,0.01747,162857.21,2652.94
2018-02-02,LTCBTC,0.0156,0.01587,0.01325,0.01484,174054.9,2573.57
2018-02-01,LTCBTC,0.01605,0.0163,0.015,0.0156,125596.75,1991.73
2018-01-31,LTCBTC,0.01643,0.01649,0.0159,0.01605,79298.8,1279.68
2018-01-30,LTCBTC,0.01613,0.017,0.016,0.01643,120563.45,1969.35
2018-01-29,LTCBTC,0.01657,0.01659,0.016,0.01613,72067.98,1166.29
2018-01-28,LTCBTC,0.01586,0.0166,0.0156,0.01657,93074.67,1498.36
2018-01-27,LTCBTC,0.01584,0.0161,0.01569,0.01586,72685.23,1155.47
2018-01-26,LTCBTC,0.01603,0.0162,0.01568,0.01584,94011.81,1498.49
2018-01-25,LTCBTC,0.01591,0.01626,0.01573,0.01603,92916.07,1483.87
2018-01-24,LTCBTC,0.01638,0.0165,0.01587,0.01591,99147.64,1604.18
2018-01-23,LTCBTC,0.01656,0.01666,0.0162,0.01638,101395.4,1664.31
2018-01-22,LTCBTC,0.01652,0.0168,0.0163,0.01656,107807.24,1781.15
2018-01-21,LTCBTC,0.01648,0.0167,0.0161,0.01652,90667.54,1486.03
2018-01-20,LTCBTC,0.01672,0.01679,0.01604,0.01648,119350.7,1955.04
2018-01-19,LTCBTC,0.01702,0.01717,0.01651,0.01672,118806.18,2002.14
2018-01-18,LTCBTC,0.0167,0.0173,0.01625,0.01702,193827.45,3256.19
2018-01-17,LTCBTC,0.01643,0.01704,0.01501,0.0167,248800.1,4052.9
2018-01-16,LTCBTC,0.01703,0.01735,0.01481,0.01643,238624.05,3983.63
2018-01-15,LTCBTC,0.01731,0.01778,0.01682,0.01703,129622.53,2222.26
2018-01-14,LTCBTC,0.01817,0.01898,0.0173,0.01731,185121.06,3326.61
2018-01-13,LTCBTC,0.01698,0.0185,0.01671,0.01817,206517.18,3568.1
2018-01-12,LTCBTC,0.01694,0.01718,0.0168,0.01698,166208.19,2826.57
2018-01-11,LTCBTC,0.01661,0.01731,0.0165,0.01694,292754.29,4974.06
2018-01-10,LTCBTC,0.01701,0.0176,0.0166,0.01661,289162.43,4911.76
2018-01-09,LTCBTC,0.01692,0.0172,0.0165,0.01701,308646.09,5191.72
2018-01-08,LTCBTC,0.01666,0.01718,0.0165,0.01692,295242.56,4962.83
2018-01-07,LTCBTC,0.01611,0.0172,0.01601,0.01666,269540.11,4516.67
2018-01-06,LTCBTC,0.01421,0.0189,0.01412,0.01611,482600.04,8130.18
2018-01-05,LTCBTC,0.0155,0.0163,0.013,0.01421,420338.15,6395.51
2018-01-04,LTCBTC,0.01598,0.01627,0.01506,0.0155,481340.58,7533.73
2018-01-03,LTCBTC,0.01687,0.01725,0.01595,0.01598,342978.53,5637.18
2018-01-02,LTCBTC,0.01662,0.01864,0.016,0.01687,334370.13,5882.57
2018-01-01,LTCBTC,0.01632,0.01699,0.01602,0.01662,231326.52,3848.09
2017-12-31,LTCBTC,0.01672,0.017,0.01625,0.01632,238514.59,3921.49
2017-12-30,LTCBTC,0.01659,0.0169,0.01616,0.01672,278349.84,4610.85
2017-12-29,LTCBTC,0.01724,0.0173,0.0165,0.01659,259924.56,4385.65
2017-12-28,LTCBTC,0.01703,0.0175,0.01613,0.01724,209109.8,3590.32
2017-12-27,LTCBTC,0.01772,0.01776,0.017,0.01703,272564.45,4734.48
2017-12-26,LTCBTC,0.01904,0.01919,0.01707,0.01772,350314.25,6312.01
2017-12-25,LTCBTC,0.01943,0.0199,0.019,0.01904,338771.45,6602.17
2017-12-24,LTCBTC,0.01916,0.0197,0.01882,0.01943,313170.0,6055.13
2017-12-23,LTCBTC,0.01882,0.0195,0.01831,0.01916,146126.59,2794.44
2017-12-22,LTCBTC,0.01958,0.01975,0.01604,0.01882,246597.0,4547.46
2017-12-21,LTCBTC,0.0184,0.0197,0.01834,0.01958,230433.59,4346.71
2017-12-20,LTCBTC,0.0196,0.01966,0.01816,0.0184,279440.19,5283.03
2017-12-19,LTCBTC,0.01863,0.0201,0.0181,0.0196,308587.56,5917.27
2017-12-18,LTCBTC,0.01656,0.01945,0.01631,0.01863,316842.35,5441.77
2017-12-17,LTCBTC,0.01535,0.01739,0.01535,0.01656,328641.05,5387.69
2017-12-16,LTCBTC,0.01679,0.01739,0.01477,0.01535,197585.4,3134.86
2017-12-15,LTCBTC,0.01662,0.018,0.0135,0.01679,342203.39,5457.37
2017-12-14,LTCBTC,0.0181,0.0188,0.0157,0.01662,364796.9,6342.33
2017-12-13,LTCBTC,0.01812,0.02,0.016,0.0181,431985.86,7886.51
2017-12-12,LTCBTC,0.01257,0.021,0.0122,0.01812,926029.87,15008.34
2017-12-11,LTCBTC,0.00965,0.0134,0.0078,0.01257,504272.7,5605.45
2017-12-10,LTCBTC,0.01015,0.0103,0.009038,0.00965,238526.15,2332.85
2017-12-09,LTCBTC,0.007596,0.011,0.007395,0.01015,531506.82,5096.68
2017-12-08,LTCBTC,0.00559,0.00914,0.005217,0.007596,341121.63,2450.1
2017-12-07,LTCBTC,0.007091,0.007211,0.0035,0.00559,215207.91,1362.85
2017-12-06,LTCBTC,0.0085,0.008642,0.0068,0.007091,227732.8,1786.35
2017-12-05,LTCBTC,0.008915,0.008925,0.0001,0.0085,199767.43,1717.6
2017-12-04,LTCBTC,0.008931,0.008976,0.0085,0.008915,150377.73,1315.7
2017-12-03,LTCBTC,0.009073,0.00915,0.008754,0.008931,169795.96,1515.53
2017-12-02,LTCBTC,0.009004,0.009399,0.008901,0.009073,187619.04,1707.53
2017-12-01,LTCBTC,0.008681,0.0093,0.008393,0.009004,163726.45,1434.57
2017-11-30,LTCBTC,0.008563,0.008872,0.008327,0.008681,81893.0,699.46
2017-11-29,LTCBTC,0.009499,0.01,0.008311,0.008563,112438.03,1032.45
2017-11-28,LTCBTC,0.009304,0.009665,0.009075,0.009499,91983.96,858.41
2017-11-27,LTCBTC,0.009193,0.009628,0.008901,0.009304,95723.83,892.67
2017-11-26,LTCBTC,0.01007,0.01013,0.0089,0.009193,101958.21,965.62
2017-11-25,LTCBTC,0.00945,0.01025,0.00919,0.01007,124495.19,1202.96
2017-11-24,LTCBTC,0.009026,0.009499,0.0085,0.00945,102608.78,935.85
2017-11-23,LTCBTC,0.008704,0.009414,0.008535,0.009026,99339.17,892.72
2017-11-22,LTCBTC,0.008626,0.00873,0.008525,0.008704,81688.05,703.16
2017-11-21,LTCBTC,0.008789,0.008889,0.008524,0.008626,75204.68,649.93
2017-11-20,LTCBTC,0.00891,0.009149,0.008667,0.008789,77530.39,685.31
2017-11-19,LTCBTC,0.008982,0.009341,0.00861,0.00891,76513.84,686.8
2017-11-18,LTCBTC,0.008714,0.00899,0.008601,0.008982,70982.4,619.81
2017-11-17,LTCBTC,0.0091,0.00915,0.008399,0.008714,102910.53,892.48
2017-11-16,LTCBTC,0.008671,0.0097,0.008046,0.0091,102270.21,892.18
2017-11-15,LTCBTC,0.00943,0.009566,0.008585,0.008666,71590.74,645.04
2017-11-14,LTCBTC,0.009323,0.009692,0.00909,0.00943,68379.65,640.32
2017-11-13,LTCBTC,0.009905,0.0103,0.009033,0.009323,69516.78,660.94
2017-11-12,LTCBTC,0.009781,0.01046,0.00841,0.009905,87893.81,854.72
2017-11-11,LTCBTC,0.00891,0.01039,0.008746,0.009781,82146.31,772.02
2017-11-10,LTCBTC,0.00902,0.009351,0.008635,0.00891,71768.56,642.11
2017-11-09,LTCBTC,0.00837,0.00939,0.007984,0.00902,71061.5,622.64
2017-11-08,LTCBTC,0.0085,0.008911,0.007689,0.00837,83966.78,704.68
2017-11-07,LTCBTC,0.007807,0.00918,0.007629,0.0085,94880.37,784.56
2017-11-06,LTCBTC,0.007414,0.007997,0.007308,0.007807,55293.59,418.85
2017-11-05,LTCBTC,0.007442,0.007513,0.007117,0.007414,51354.86,376.97
2017-11-04,LTCBTC,0.007834,0.007997,0.00735,0.007442,58226.5,444.33
2017-11-03,LTCBTC,0.007676,0.007984,0.007246,0.007834,56184.71,426.52
2017-11-02,LTCBTC,0.007864,0.007965,0.006801,0.007676,62076.4,465.87
2017-11-01,LTCBTC,0.008593,0.008687,0.007767,0.007864,57255.86,480.18
2017-10-31,LTCBTC,0.009183,0.009235,0.0085,0.008593,54218.31,485.91
2017-10-30,LTCBTC,0.009218,0.009575,0.0091,0.009183,51883.11,479.58
2017-10-29,LTCBTC,0.009441,0.009842,0.009149,0.009218,61249.79,577.53
2017-10-28,LTCBTC,0.009531,0.009749,0.009374,0.009441,56724.07,537.16
2017-10-27,LTCBTC,0.009367,0.009736,0.009232,0.009531,63219.15,598.27
2017-10-26,LTCBTC,0.009791,0.00983,0.009337,0.009367,60655.28,580.14
2017-10-25,LTCBTC,0.01008,0.01017,0.009624,0.009791,60746.68,601.09
2017-10-24,LTCBTC,0.009194,0.01044,0.008964,0.01008,71381.46,717.64
2017-10-23,LTCBTC,0.00942,0.0095,0.008887,0.009194,73286.28,676.05
2017-10-22,LTCBTC,0.009621,0.009996,0.009104,0.00942,55407.05,531.69
2017-10-21,LTCBTC,0.009961,0.01002,0.00917,0.009621,55140.55,527.94
2017-10-20,LTCBTC,0.0104,0.01056,0.009956,0.009961,65060.35,669.17
2017-10-19,LTCBTC,0.01077,0.01091,0.009318,0.0104,65047.32,687.83
2017-10-18,LTCBTC,0.01057,0.0111,0.01035,0.01077,65349.76,692.11
2017-10-17,LTCBTC,0.01122,0.01126,0.0105,0.01057,72539.21,790.5
2017-10-16,LTCBTC,0.0115,0.0116,0.0111,0.01122,91673.18,1037.54
2017-10-15,LTCBTC,0.01097,0.01215,0.01095,0.0115,96355.78,1116.37
2017-10-14,LTCBTC,0.01052,0.01164,0.01033,0.01097,97612.84,1062.38
2017-10-13,LTCBTC,0.01099,0.0111,0.009803,0.01052,104567.68,1077.08
2017-10-12,LTCBTC,0.01049,0.01112,0.009842,0.01099,60909.77,643.69
2017-10-11,LTCBTC,0.0106,0.01073,0.01036,0.01049,35160.42,370.18
2017-10-10,LTCBTC,0.01044,0.01073,0.01026,0.0106,35580.37,372.03
2017-10-09,LTCBTC,0.01157,0.0116,0.00983,0.01044,36465.06,400.24
2017-10-08,LTCBTC,0.01184,0.01205,0.01148,0.01157,36136.65,424.33
2017-10-07,LTCBTC,0.01184,0.01197,0.01176,0.01184,34844.5,413.57
2017-10-06,LTCBTC,0.01192,0.012,0.01181,0.01184,35207.52,418.94
2017-10-05,LTCBTC,0.01206,0.0122,0.01179,0.01192,37623.72,450.78
2017-10-04,LTCBTC,0.01204,0.01235,0.01187,0.01206,35471.88,431.53
2017-10-03,LTCBTC,0.01209,0.0122,0.0119,0.01204,37739.04,455.46
2017-10-02,LTCBTC,0.0124,0.01243,0.012,0.01209,38542.78,471.36
2017-10-01,LTCBTC,0.01271,0.01274,0.01223,0.0124,35987.16,451.02
2017-09-30,LTCBTC,0.01267,0.0129,0.01257,0.01271,31994.72,407.71
2017-09-29,LTCBTC,0.01307,0.01322,0.01246,0.01267,33673.17,429.87
2017-09-28,LTCBTC,0.01348,0.01351,0.01294,0.01307,37884.52,500.27
2017-09-27,LTCBTC,0.01338,0.01357,0.01315,0.01348,39519.9,527.43
2017-09-26,LTCBTC,0.01326,0.01369,0.01321,0.01338,31412.8,420.37
2017-09-25,LTCBTC,0.01295,0.0135,0.0128,0.01326,30387.15,398.05
2017-09-24,LTCBTC,0.01303,0.01316,0.01285,0.01295,35766.53,464.06
2017-09-23,LTCBTC,0.0131,0.01322,0.01281,0.01303,40271.71,522.79
2017-09-22,LTCBTC,0.01285,0.01336,0.01257,0.0131,43125.85,556.67
2017-09-21,LTCBTC,0.01324,0.01353,0.01264,0.01285,34003.77,445.3
2017-09-20,LTCBTC,0.01354,0.0136,0.01313,0.01324,24024.24,320.0
2017-09-19,LTCBTC,0.0137,0.01394,0.01335,0.01354,35015.07,476.03
2017-09-18,LTCBTC,0.01383,0.01404,0.01351,0.0137,44503.91,615.1
2017-09-17,LTCBTC,0.01408,0.0142,0.01364,0.01383,32017.69,445.32
2017-09-16,LTCBTC,0.01404,0.01458,0.01384,0.01408,37928.17,536.36
2017-09-15,LTCBTC,0.01375,0.015,0.01127,0.01404,76691.49,1052.65
2017-09-14,LTCBTC,0.01595,0.016,0.01367,0.01375,70707.63,1040.06
2017-09-13,LTCBTC,0.01597,0.01609,0.01529,0.01595,36746.62,577.84
2017-09-12,LTCBTC,0.01617,0.01642,0.01589,0.01597,33658.88,544.97
2017-09-11,LTCBTC,0.01574,0.01642,0.01563,0.01617,57912.8,932.33
2017-09-10,LTCBTC,0.01636,0.01641,0.01544,0.01574,43162.68,684.51
2017-09-09,LTCBTC,0.01681,0.01682,0.01612,0.01636,37714.7,618.23
2017-09-08,LTCBTC,0.01727,0.0176,0.01578,0.01681,57961.13,981.49
2017-09-07,LTCBTC,0.01731,0.018,0.01691,0.01727,33892.7,589.72
2017-09-06,LTCBTC,0.0167,0.01774,0.01669,0.01731,27935.83,473.63
2017-09-05,LTCBTC,0.01571,0.0168,0.01516,0.0167,46288.46,739.37
2017-09-04,LTCBTC,0.01693,0.01722,0.01496,0.01571,58865.29,942.11
2017-09-03,LTCBTC,0.01722,0.01768,0.01675,0.01693,48188.13,829.25
2017-09-02,LTCBTC,0.0178,0.01899,0.01611,0.01722,59032.59,1021.12
2017-09-01,LTCBTC,0.01536,0.0185,0.01492,0.0178,76531.3,1274.23
2017-08-31,LTCBTC,0.01414,0.01565,0.01385,0.01536,48908.71,712.35
2017-08-30,LTCBTC,0.01377,0.0142,0.0132,0.01414,40712.62,558.76
2017-08-29,LTCBTC,0.01425,0.01445,0.01318,0.01377,39169.26,545.5
2017-08-28,LTCBTC,0.014,0.01509,0.01381,0.01425,48877.37,704.86
2017-08-27,LTCBTC,0.01187,0.0148,0.01171,0.014,75296.92,1013.92
2017-08-26,LTCBTC,0.01175,0.01212,0.01152,0.01187,31165.56,367.28
2017-08-25,LTCBTC,0.01156,0.01186,0.01136,0.01175,35994.46,418.12
2017-08-24,LTCBTC,0.01272,0.01298,0.01154,0.01156,59360.32,728.0
2017-08-23,LTCBTC,0.01136,0.01582,0.01105,0.01272,62036.84,758.57
2017-08-22,LTCBTC,0.01185,0.01241,0.01109,0.01136,37913.89,444.82
2017-08-21,LTCBTC,0.01122,0.01219,0.01099,0.01185,43547.87,497.54
2017-08-20,LTCBTC,0.01083,0.01154,0.01063,0.01122,38480.56,422.44
2017-08-19,LTCBTC,0.01129,0.01132,0.01068,0.01083,34463.8,377.85
2017-08-18,LTCBTC,0.01008,0.01152,0.01001,0.01129,46919.4,503.9
2017-08-17,LTCBTC,0.01005,0.01026,0.009737,0.01008,30471.72,306.06
2017-08-16,LTCBTC,0.01034,0.01067,0.01,0.01005,40647.99,423.62
2017-08-15,LTCBTC,0.01051,0.01133,0.00983,0.01034,42186.8,439.56
2017-08-14,LTCBTC,0.01096,0.01186,0.01043,0.01051,36413.54,395.66
2017-08-13,LTCBTC,0.012,0.01209,0.01073,0.01096,46338.67,523.23
2017-08-12,LTCBTC,0.01302,0.01352,0.01199,0.012,109116.33,1410.78
2017-08-11,LTCBTC,0.01367,0.01397,0.01288,0.01302,58509.95,799.66
2017-08-10,LTCBTC,0.01391,0.01435,0.01362,0.01367,27200.88,381.95
2017-08-09,LTCBTC,0.01417,0.01499,0.01372,0.01391,28093.03,402.47
2017-08-08,LTCBTC,0.01359,0.01442,0.01325,0.01417,23648.76,322.02
2017-08-07,LTCBTC,0.01416,0.01439,0.01348,0.01359,27795.34,385.29
2017-08-06,LTCBTC,0.01434,0.01459,0.01374,0.01416,25030.71,356.05
2017-08-05,LTCBTC,0.01499,0.0156,0.01401,0.01434,26227.39,383.32
2017-08-04,LTCBTC,0.01513,0.01528,0.01488,0.01499,25124.6,379.76
2017-08-03,LTCBTC,0.01532,0.01564,0.01493,0.01513,24769.57,379.49
2017-08-02,LTCBTC,0.0158,0.01586,0.01527,0.01532,45651.04,707.94
2017-08-01,LTCBTC,0.01478,0.0162,0.01469,0.0158,32855.54,504.39
2017-07-31,LTCBTC,0.01448,0.01583,0.01301,0.01478,25494.49,372.81
2017-07-30,LTCBTC,0.01507,0.01551,0.01437,0.01448,23002.63,343.72
2017-07-29,LTCBTC,0.01432,0.01532,0.01419,0.01507,24623.06,360.56
2017-07-28,LTCBTC,0.01578,0.01593,0.01359,0.01432,23929.94,354.41
2017-07-27,LTCBTC,0.01664,0.01671,0.01567,0.01578,15807.13,257.36
2017-07-26,LTCBTC,0.01649,0.01696,0.01633,0.01664,11595.94,193.2
2017-07-25,LTCBTC,0.01615,0.01673,0.01581,0.01649,9769.77,159.11
2017-07-24,LTCBTC,0.01636,0.01649,0.01598,0.01615,10356.75,168.06
2017-07-23,LTCBTC,0.01651,0.01668,0.01608,0.01636,9549.51,155.95
2017-07-22,LTCBTC,0.017,0.01707,0.01586,0.01651,11444.34,188.66
2017-07-21,LTCBTC,0.01567,0.01763,0.01555,0.017,8905.74,149.71
2017-07-20,LTCBTC,0.01793,0.01825,0.01506,0.01567,9072.97,156.14
2017-07-19,LTCBTC,0.01901,0.01933,0.0177,0.01793,7868.06,145.5
2017-07-18,LTCBTC,0.01913,0.01953,0.01856,0.01901,7829.75,149.79
2017-07-17,LTCBTC,0.02142,0.02154,0.01908,0.01913,8094.17,164.24
2017-07-16,LTCBTC,0.0195,0.02159,0.01936,0.02142,11048.02,219.96
2017-07-15,LTCBTC,0.01871,0.0209,0.01744,0.0195,17521.99,334.79
2017-07-14,LTCBTC,0.01912,0.01989,0.01681,0.01871,4020.33,77.23
